{"0": {"0": 0.6833414713541667, "1": 0.8174364513821072, "2": 0.8046848509046767, "3": 0.7939588970608181, "4": 0.993580224778917, "5": 0.8455402480231391, "6": 0.9804360005590651, "7": 0.9983147197299533, "8": 0.982929425769382, "9": 0.9955099317762587, "10": 0.9414199564192031, "11": 0.898873233795166, "12": 0.992187515894572, "13": 0.955348883734809, "14": 0.9019693692525228, "15": 0.7781388600667318, "16": NaN, "17": 0.8543472290039062, "18": 0.9799379136827256, "19": 0.6557320488823785}, "1": {"0": 0.7025939305623372, "1": 0.7486959669325086, "2": 0.7848753187391493, "3": 0.8874307632446289, "4": 0.8772381676567925, "5": 0.9256600273980035, "6": 0.9462653477986653, "7": 0.9967446062299941, "8": 0.9664317342970107, "9": 0.9546066813998753, "10": 0.9472730212741428, "11": 0.9688028971354167, "12": 0.9923334201176961, "13": 0.9563151200612386, "14": 0.9986218611399332, "15": 0.9186127980550131, "16": 0.982210350036621, "17": 0.9279675589667427, "18": 0.7486850314670139, "19": 0.836174201965332}, "2": {"0": 0.6047729916042752, "1": 0.791308339436849, "2": 0.8470855712890625, "3": 0.7989437103271484, "4": 0.9869576123025682, "5": 0.9708033614688449, "6": 0.9978207669324345, "7": 0.9872797118292914, "8": 0.9886046091715495, "9": 0.9976911690500048, "10": 0.8776105244954427, "11": 0.8959869066874186, "12": 0.9636380434036255, "13": 0.9605757978227404, "14": 0.9949619978666305, "15": 0.9764157189263238, "16": 0.9671027077568902, "17": 0.8887358665466308, "18": 0.7582220077514649, "19": 0.7606430053710938}, "3": {"0": 0.7782939910888672, "1": 0.6097741868760851, "2": 0.8372927771674262, "3": 0.34608154296874993, "4": 0.9832745472590129, "5": 0.9053101857503255, "6": 0.9986931456459893, "7": 0.9906130525800917, "8": 0.9864200989405314, "9": 0.9482020484076605, "10": 0.9667483038372464, "11": 0.9193990071614584, "12": 0.9711875491672092, "13": 0.9510091675652398, "14": 0.9932339661651187, "15": 0.9532413906521268, "16": 0.8786884201897516, "17": 0.9311336941189237, "18": 0.9518885082668729, "19": 0.6727686352199977}, "4": {"0": 0.8087693320380317, "1": 0.9754261944029067, "2": 0.7768518235948351, "3": 0.9183133019341363, "4": 0.9110925886366102, "5": 0.8736556159125434, "6": 0.9761122067769369, "7": 0.9741460217369927, "8": 0.9915577411651612, "9": 0.9974905437893338, "10": 0.9281295458475749, "11": 0.9836815940009223, "12": 0.9770160410139296, "13": 0.9945917513635424, "14": 0.9917907966507806, "15": 0.9567719883388943, "16": 0.8746975898742676, "17": 0.940389961666531, "18": 0.5250924852159289, "19": 0.8458122253417969}, "5": {"0": 0.8791800181070963, "1": 0.9084674517313639, "2": 0.930342165629069, "3": 0.9882165061102973, "4": 0.9716520521375868, "5": 0.9962435086568197, "6": 0.982689905166626, "7": 0.9932855976952447, "8": 0.9935102356804741, "9": 0.9999854246775309, "10": 0.9450162887573242, "11": 0.993972514073054, "12": 0.9237221823798285, "13": 0.953839111328125, "14": 0.9766135030322605, "15": 0.9264873928493924, "16": 0.8042071448432074, "17": 0.8619772063361274, "18": 0.8523462189568414, "19": NaN}, "6": {"0": 0.9302068816290961, "1": 0.7652649137708876, "2": 0.8386196454366048, "3": 0.9998429510328505, "4": 0.9659300910101997, "5": 0.9979274113972981, "6": 0.952416886223687, "7": 0.9916945152812534, "8": 0.9928922070397271, "9": 0.9937426699532403, "10": 0.9557962629530165, "11": 0.9901211076312595, "12": 0.9947923501332601, "13": 0.982548361354404, "14": 0.9102520730760363, "15": 0.8656986130608453, "16": 0.8730727513631185, "17": 0.882394282023112, "18": 0.9447870784335666, "19": 0.8853197309705946}, "7": {"0": 0.9196818987528483, "1": 0.8654744360182021, "2": 0.9207914670308431, "3": 0.9530704392327203, "4": 0.9729048199123806, "5": 0.9955877383550008, "6": 0.9589198297924466, "7": 0.9991390764713287, "8": 0.9978582276238336, "9": 0.9829492741160922, "10": 0.9919273906283909, "11": 0.9998775667614407, "12": 0.9844805783695645, "13": 0.978900957107544, "14": 0.9699264261457655, "15": 0.9839336435000102, "16": 0.8979662047492133, "17": 0.9894090347819858, "18": 0.9075550715128581, "19": 0.8114102469550238}, "8": {"0": 0.9235261175367567, "1": 0.9938534789615208, "2": 0.9966663757960001, "3": 0.8398708979288737, "4": 0.9975334776772393, "5": 0.9396294434865315, "6": 0.9620564142862955, "7": 0.9799928930070665, "8": 0.9894184960259331, "9": 0.9952862474653456, "10": 0.9937017023563385, "11": 0.9997977640893724, "12": 0.9969498604536057, "13": 0.9545376300811768, "14": 0.9961108949449328, "15": 0.9907002422544692, "16": 0.9736630227830675, "17": 0.9542013804117838, "18": 0.8971899880303277, "19": 0.9307855023278131}, "9": {"0": 0.9663761350843642, "1": 0.8468825022379557, "2": 0.9886517379018995, "3": 0.8322134653727213, "4": 0.9323542435963948, "5": 0.9956215726004707, "6": 0.9774675369262695, "7": 0.9976035118103027, "8": 0.995279750559065, "9": 0.998429783185323, "10": 0.9994993421766493, "11": 0.9999337209595575, "12": 0.9859587404463026, "13": 0.9988339662551879, "14": 0.9988051467471653, "15": 0.9053977224561903, "16": 0.9863520728217231, "17": 0.9935163550906712, "18": 0.9934133052825928, "19": 0.9770391729142931}, "10": {"0": 0.9568992614746094, "1": 0.9121878412034776, "2": 0.9196269353230795, "3": 0.992124487956365, "4": 0.9738534927368164, "5": 0.8957456270853679, "6": 0.9994624667697483, "7": 0.9837906082471212, "8": 0.9996019151475695, "9": 0.9994672828250462, "10": 0.9994703504774306, "11": 0.9976256105634901, "12": 0.9953760253058539, "13": 0.9895084566540189, "14": 0.9962344805399577, "15": 0.9894567145241632, "16": 0.9968373351626926, "17": 0.9871058887905545, "18": 0.9993484682506986, "19": 0.9985396411683825}, "11": {"0": 0.8494763798183865, "1": 0.8648724555969238, "2": 0.7695566177368164, "3": 0.8975032276577419, "4": 0.9739874839782715, "5": 0.9971562332577175, "6": 0.9997223960028754, "7": 0.9993240144517687, "8": 0.9855133109622531, "9": 0.9972988631990221, "10": 0.9927502102322049, "11": 0.9948966956800884, "12": 0.9989470110999213, "13": 0.9504746384090847, "14": 0.9243197970920138, "15": 0.9799907353189257, "16": 0.9792606221304999, "17": 0.9603899743821885, "18": 0.968893035252889, "19": 0.8998910268147786}, "12": {"0": 0.9895374920633104, "1": 0.9870486312442356, "2": 0.9648278660244411, "3": 0.9642274035347833, "4": 0.9886303795708551, "5": 0.8569416893853081, "6": 0.964603410826789, "7": 0.9909662140740289, "8": 0.9898318449656168, "9": 0.9899514118830363, "10": 0.9628048525916205, "11": 0.9996267265743679, "12": 0.9970597002241347, "13": 0.9898718171649509, "14": 0.9359130700429281, "15": 0.8960306697421604, "16": 0.9510339895884196, "17": 0.9998915089501275, "18": 0.8865107854207357, "19": 0.9183281209733751}, "13": {"0": 0.9847786453035142, "1": 0.8054708692762587, "2": 0.9849311749140421, "3": 0.9734722216924031, "4": 0.9466974152459039, "5": 0.9607158952289158, "6": 0.9139322598775228, "7": 0.9813996500439114, "8": 0.9987831162081824, "9": 0.9233205424414741, "10": 0.9938798321617974, "11": 0.9359375317891439, "12": 0.9912645445929633, "13": 0.998725954691569, "14": 0.9970318635304769, "15": 0.8476311471727159, "16": 0.9009949896070693, "17": 0.8804024590386285, "18": 0.9467658360799154, "19": 0.7526286231146918}, "14": {"0": 0.6138739691840278, "1": 0.8929140620761448, "2": 0.8978349367777506, "3": 0.8618566936916775, "4": 0.9640816979938083, "5": 0.9423202991485595, "6": 0.9162849850124783, "7": 0.940129115846422, "8": 0.9906195839246114, "9": 0.965274969736735, "10": 0.9157645172542996, "11": 0.9262051688300239, "12": 0.9601158777872721, "13": 0.9670407825046116, "14": 0.9923827807108562, "15": 0.968300297525194, "16": 0.9411535686916775, "17": 0.9499494764539931, "18": 0.7444023980034722, "19": 0.9598310814963447}, "15": {"0": 0.9408291869693333, "1": 0.868794314066569, "2": 0.9276087443033854, "3": 0.9889708929591708, "4": 0.9589106241861979, "5": 0.9787496619754368, "6": 0.9496219635009766, "7": 0.9663095924589369, "8": 0.9983524401982625, "9": 0.9861458910836114, "10": 0.9227784368726942,