{"0": {"0": NaN, "1": NaN, "2": NaN, "3": NaN, "4": NaN, "5": NaN, "6": NaN, "7": NaN, "8": NaN, "9": NaN, "10": NaN, "11": NaN, "12": NaN, "13": NaN, "14": NaN, "15": NaN, "16": NaN, "17": NaN, "18": NaN, "19": NaN}, "1": {"0": NaN, "1": NaN, "2": NaN, "3": NaN, "4": NaN, "5": NaN, "6": NaN, "7": 0.33541306389702685, "8": NaN, "9": NaN, "10": NaN, "11": NaN, "12": NaN, "13": NaN, "14": NaN, "15": NaN, "16": NaN, "17": NaN, "18": NaN, "19": NaN}, "2": {"0": NaN, "1": NaN, "2": NaN, "3": NaN, "4": NaN, "5": NaN, "6": NaN, "7": NaN, "8": 0.3354929606119792, "9": NaN, "10": NaN, "11": NaN, "12": 0.967398100429111, "13": NaN, "14": NaN, "15": NaN, "16": NaN, "17": NaN, "18": NaN, "19": NaN}, "3": {"0": NaN, "1": NaN, "2": NaN, "3": 0.6958664152357313, "4": 0.6730946858723958, "5": 0.7392441219753689, "6": 0.7210318671332465, "7": NaN, "8": NaN, "9": NaN, "10": NaN, "11": 0.9404875119527181, "12": NaN, "13": NaN, "14": NaN, "15": NaN, "16": NaN, "17": NaN, "18": NaN, "19": NaN}, "4": {"0": NaN, "1": NaN, "2": 0.7706221262613933, "3": 0.880704116821289, "4": 0.8881819831000434, "5": 0.8053677876790364, "6": 0.8605946011013454, "7": 0.8754439777798123, "8": NaN, "9": NaN, "10": 0.997888359758589, "11": 0.9759813520643447, "12": 0.9082774480183919, "13": NaN, "14": NaN, "15": NaN, "16": NaN, "17": NaN, "18": NaN, "19": NaN}, "5": {"0": NaN, "1": 0.8387460284762912, "2": 0.9785247696770563, "3": 0.9579965591430664, "4": 0.994636344909668, "5": 0.9238502184549967, "6": 0.9591776529947916, "7": 0.8906028535630968, "8": 0.9006623903910319, "9": 0.9271451632181803, "10": 0.9938745763566759, "11": 0.9986627260843913, "12": 0.9742737240261502, "13": 0.6796532524956598, "14": NaN, "15": NaN, "16": NaN, "17": NaN, "18": NaN, "19": NaN}, "6": {"0": NaN, "1": 0.9867658535639445, "2": 0.9664968596564398, "3": 0.9971934159596761, "4": 0.9911930508083767, "5": 0.9959440655178494, "6": 0.9442942301432291, "7": 0.9974027898576524, "8": 0.9517505274878608, "9": 0.9791276084052192, "10": 0.9848719159762065, "11": 0.9924495591057672, "12": 0.8843820148044162, "13": 0.9925449623001946, "14": 0.5376793331570096, "15": NaN, "16": NaN, "17": NaN, "18": NaN, "19": NaN}, "7": {"0": 0.99992429945204, "1": 0.9613936530219184, "2": 0.9987056917614408, "3": 0.9991024441189236, "4": 0.9997092485427856, "5": 0.9893925064139896, "6": 0.9981754117541843, "7": 0.9874478750758701, "8": 0.9928201198577881, "9": 0.992664282851749, "10": 0.9984056896633572, "11": 0.9790342489878336, "12": 0.9493145306905111, "13": 0.9624939600626627, "14": 0.9864587995741102, "15": NaN, "16": NaN, "17": NaN, "18": NaN, "19": NaN}, "8": {"0": 0.9615076674355401, "1": 0.9988973624176449, "2": 0.9900308556026882, "3": 0.9996719691488478, "4": 0.9978506285283301, "5": 0.9756659666697184, "6": 0.9939772605895996, "7": 0.9956826488176982, "8": 0.9949415498309665, "9": 0.9995700902409024, "10": 0.9992900000678169, "11": 0.9974141955375672, "12": 0.999039888381958, "13": 0.9919021738900079, "14": NaN, "15": NaN, "16": NaN, "17": NaN, "18": NaN, "19": NaN}, "9": {"0": 0.9350674258338081, "1": 0.9757713344362047, "2": 0.9920496543248495, "3": 0.9978827264573839, "4": 0.9708079285091824, "5": 0.9915198591020372, "6": 0.9767933898501926, "7": 0.9994363652335273, "8": 0.9997921731736925, "9": 0.9996554440922207, "10": 0.9999068339665731, "11": 0.9980811728371515, "12": 0.9968040042453342, "13": 0.992700809902615, "14": 0.9767488373650445, "15": 0.26866031222873266, "16": NaN, "17": NaN, "18": NaN, "19": NaN}, "10": {"0": 0.925268914964464, "1": 0.9780768129560683, "2": 0.9946625391642253, "3": 0.9434318330552843, "4": 0.9005684428744846, "5": 0.8839372846815321, "6": 0.934978002972073, "7": 0.9594567961162991, "8": 0.9999053186840481, "9": 0.9999987814161513, "10": 0.9995106524891324, "11": 0.9994963751898871, "12": 0.9898688084549374, "13": 0.9767554759979248, "14": 0.831527837117513, "15": 0.7265584733751085, "16": NaN, "17": NaN, "18": NaN, "19": NaN}, "11": {"0": NaN, "1": 0.9263348685370552, "2": 0.8764726532830133, "3": 0.9508215374416775, "4": 0.8308963033888075, "5": 0.8350055058797201, "6": 0.7985322528415256, "7": 0.9915023287137349, "8": 0.9988952815532685, "9": 0.9996307028664483, "10": 0.9988250243167083, "11": 0.9993251058790419, "12": 0.9995301564534506, "13": 0.9426415496402316, "14": 0.7069063822428385, "15": NaN, "16": NaN, "17": NaN, "18": NaN, "19": NaN}, "12": {"0": NaN, "1": 0.8373558574252659, "2": 0.8414384629991319, "3": 0.7234015994601779, "4": 0.8874698850843641, "5": 0.7918269687228733, "6": 0.6421023898654514, "7": 0.9789973735809326, "8": 0.9632248428132799, "9": 0.9885277324252658, "10": 0.9993262820773654, "11": 0.99785921027263, "12": 0.9929534488254124, "13": 0.8630239380730523, "14": 0.6555985344780816, "15": NaN, "16": NaN, "17": NaN, "18": NaN, "19": NaN}, "13": {"0": NaN, "1": 0.8747645272148981, "2": 0.7508478376600477, "3": 0.6675335354275174, "4": 0.7288183424207899, "5": 0.8440981017218696, "6": 0.7434726927015516, "7": 0.550492689344618, "8": 0.9561695098876953, "9": 0.9348464118109809, "10": 0.9935299979315864, "11": 0.9969349543253581, "12": 0.9668765412436591, "13": 0.7227533764309353, "14": NaN, "15": NaN, "16": NaN, "17": NaN, "18": NaN, "19": NaN}, "14": {"0": NaN, "1": NaN, "2": 0.7810327741834853, "3": 0.7744500901963975, "4": 0.6841285281711154, "5": 0.7080906338161892, "6": 0.43935377332899306, "7": 0.8207703908284505, "8": 0.6986005571153429, "9": 0.9116025076972114, "10": 0.9981290128495958, "11": 0.9829098383585612, "12": 0.9688690821329753, "13": NaN, "14": NaN, "15": NaN, "16": NaN, "17": NaN, "18": NaN, "19": NaN}, "15": {"0": NaN, "1": NaN, "2": 0.7404468112521702, "3": NaN, "4": 0.6227318233913846, "5": 0.5681566026475695, "6": NaN, "7": 0.21661046346028645, "8": NaN, "9": NaN, "10": 0.8785250663757325, "11": 0.9897895336151123, "12": 0.988232856326633, "13": NaN, "14": NaN, "15": NaN, "16": NaN, "17": NaN, "18": NaN, "19": NaN}, "16": {"0": NaN, "1": NaN, "2": NaN, "3": NaN, "4": NaN, "5": NaN, "6": NaN, "7": NaN, "8": NaN, "9": NaN, "10": NaN, "11": NaN, "12": NaN, "13": NaN, "14": NaN, "15": NaN, "16": NaN, "17": NaN, "18": NaN, "19": NaN}, "17": {"0": NaN, "1": NaN, "2": NaN, "3": NaN, "4": NaN, "5": NaN, "6": NaN, "7": NaN, "8": NaN, "9": NaN, "10": NaN, "11": NaN, "12": NaN, "13": NaN, "14": NaN, "15": NaN, "16": NaN, "17": NaN, "18": NaN, "19": NaN}, "18": {"0": NaN, "1": NaN, "2": NaN, "3": NaN, "4": NaN, "5": NaN, "6": NaN, "7": NaN, "8": NaN, "9": NaN, "10": NaN, "11": NaN, "12": NaN, "13": NaN, "14": NaN, "15": NaN, "16": NaN, "17": NaN, "18": NaN, "19": NaN}, "19": {"0": NaN, "1": NaN, "2": NaN, "3": NaN, "4": NaN, "5": NaN, "6": NaN, "7": NaN, "8": NaN, "9": NaN, "10": NaN, "11": NaN, "12": NaN, "13": NaN, "14": NaN, "15": NaN, "16": NaN, "17": NaN, "18": NaN, "19": NaN}}