{
    "algorithms": [
        "RandomSearchMutPolyBounded"
    ],
    "batch_size": 50,
    "current": "RandomSearchMutPolyBounded",
    "current_idx": 0,
    "current_iter": 200,
    "name": "algoQD",
    "nb_evaluations": 10000,
    "nb_evaluations_in_iteration": 0,
    "nb_max_iter": 200,
    "nb_suggestions": 10000,
    "nb_suggestions_in_iteration": 0,
    "nb_updated": 61,
    "nb_updated_in_iteration": 0,
    "tell_container_when_switching": "only_best",
    "budget": 10000,
    "container": "Grid([Individual([0.6981042978407799, 0.3080495762714921, 0.08769699649656038, -0.5093509536223304, 0.8982621817605645, 0.9271283546395181, -0.2130989268438026, 0.5484924894831094, -0.6610981382795249, -0.3492912529215213, -0.33843573199225285, -0.08622899841680587, 0.7172390751296682, -0.7436017753332771, 0.6216454520434691, 0.42930748622075754, 0.5593500839813963, -0.2547659716802191, -0.41382881849963193, 0.33880304097071035, 0.004023719170282991, 0.4560993552928416, 0.1746154475916013, -0.211929694825421, 0.4038891536993827, -0.10561975424716263, -0.27491402876637583, 0.40677157587725254, -0.7211037132256048, 0.8573495582331208, -0.3420332128411052, -0.2912917198524838, -0.8895608578427356, -0.5342357100357016, 0.5681842245643072, 0.5841546109218234, 0.4266610822023902, -0.22969740181387088, -0.583404136588483, -0.8113219427820966, 0.7324927652393411, -0.3950402630178822, -0.15521893119704067, -0.8157477525113888, -0.9714197939506424, -0.516940520611493, 0.5193426875814198, -0.23511533274297625]), Individual([0.6981042978407799, 0.3080495762714921, 0.08769699649656038, -0.5093509536223304, 0.8982621817605645, 0.9271283546395181, -0.2130989268438026, 0.5484924894831094, -0.6610981382795249, -0.3492912529215213, -0.33843573199225285, -0.08622899841680587, 0.7172390751296682, -0.7436017753332771, 0.6216454520434691, 0.42930748622075754, 0.5593500839813963, -0.2547659716802191, -0.41382881849963193, 0.33880304097071035, 0.004023719170282991, 0.5365590684589727, 0.1746154475916013, -0.211929694825421, 0.4038891536993827, -0.10561975424716263, -0.27491402876637583, 0.40677157587725254, -0.7211037132256048, 0.8573495582331208, -0.3420332128411052, -0.2912917198524838, -0.9402989277529745, -0.5342357100357016, 0.5681842245643072, 0.5841546109218234, 0.17356707195951282, -0.19676490992762474, -0.6692386113891882, -0.8113219427820966, 0.8708662190787586, -0.3950402630178822, -0.15521893119704067, -0.8157477525113888, -0.9714197939506424, -0.516940520611493, 0.5193426875814198, -0.23511533274297625]), Individual([0.5240780334855708, -0.12576217877165186, -0.7284802951091189, -0.7068389669885686, 0.346664938700896, 0.31489308533983684, -0.2409617645490203, 0.9781458825828138, -0.9994239726167988, -0.9249256605943312, -0.23018489344036452, 0.9847746938583086, -0.557497202124211, -0.8863526613172374, 0.3107014306058442, 0.6580815349200118, -0.7622346892135992, 0.5807581441672542, 0.8224410422161315, -0.6633900688681655, -0.5781006763459491, 0.43293210442184726, -0.5827612073853765, 0.8186156523433576, 0.6610187094501572, 0.21382610641686406, -0.267986599131802, 0.5375307379248564, 0.6405062733543414, 0.13679399302102913, 0.40980716593238053, 0.47176683201092406, 0.21169227878845165, -0.32388351389035686, 0.7005816161562743, 0.9225686934004291, 0.7427732795379938, 0.602868458100023, 0.48240816421150234, 0.6451723294051801, -0.14101212216169268, -0.08706429492208323, 0.7743580349481816, 0.3983554551497479, -0.4898332381548236, 0.5943904114031515, -0.4354027330583645, 0.9798907958002732]), Individual([0.0654153442188532, -0.8715093407828929, 0.3396292975858901, -0.5212676885286895, -0.4830284143440571, 0.2354884381322977, -0.7704414278853549, -0.10722890834880738, 0.9447216591172276, -0.1734715291554374, -0.31327600703017766, -0.24372190875261746, -0.059208002878160304, -0.7055084259688453, 0.008759045940939902, -0.5191300956862104, 0.22773191220926048, -0.918639504747075, 0.22934893525062816, -0.13759425530455127, 0.42109531100927367, -0.02406886395260699, 0.6084394050177306, 0.6655942586634644, -0.08188524582023748, 0.9588262101370484, -0.10340478587487234, -0.6519836361816522, 0.7323212115286042, 0.3466760602569694, -0.6164108496879295, 0.22692268270796778, -0.7451372789559902, -0.9516754862406216, 0.23380427736167775, 0.555472535081944, 0.782732082623147, 0.35947661781987383, 0.5301474173229257, 0.4662152734374301, 0.3667620819689461, 0.7585999148058737, 0.8520724939160758, 0.76769658948701, 0.6698661473726117, -0.9154815068952409, 0.8478377887306123, 0.7756882829348772]), Individual([0.0654153442188532, -0.8810807896774284, 0.2717041862863119, -0.5212676885286895, -0.31850119740571325, 0.2354884381322977, -0.7704414278853549, -0.055555249725091294, 0.9447216591172276, -0.1734715291554374, -0.31327600703017766, -0.0013316629737376573, -0.059208002878160304, -0.7055084259688453, 0.012091704141609316, -0.5622206083230856, 0.22773191220926048, -0.8827722277308894, 0.22934893525062816, -0.13759425530455127, 0.42109531100927367, -0.02406886395260699, 0.5720387906635602, 0.6655942586634644, 0.12363678344553874, 0.9588262101370484, -0.10340478587487234, -0.6519836361816522, 0.8883996976311275, 0.3466760602569694, -0.6164108496879295, 0.22692268270796778, -0.8069100678612164, -0.9516754862406216, 0.28767356941991795, 0.555472535081944, 0.782732082623147, 0.351217263625172, 0.525596293413668, 0.4662152734374301, 0.08487764777105622, 0.7585999148058737, 0.8520724939160758, 0.7500469264118197, 0.6698661473726117, -0.9154815068952409, 0.8478377887306123, 0.5471762179963455]), Individual([0.5240780334855708, -0.12576217877165186, -0.7284802951091189, -0.7068389669885686, 0.346664938700896, 0.31489308533983684, -0.2409617645490203, 0.9781458825828138, -0.9994239726167988, -0.9249256605943312, -0.23018489344036452, 0.9847746938583086, -0.557497202124211, -0.8863526613172374, 0.3107014306058442, 0.6580815349200118, -0.7622346892135992, 0.645411559307034, 0.9711094584053279, -0.6633900688681655, -0.5781006763459491, 0.43293210442184726, -0.5827612073853765, 0.8142845466797013, 0.6840115552286323, 0.21382610641686406, -0.267986599131802, 0.5375307379248564, 0.6405062733543414, 0.13679399302102913, 0.4988080579989975, 0.47176683201092406, 0.21169227878845165, -0.32388351389035686, 0.7005816161562743, 0.9225686934004291, 0.7427732795379938, 0.602868458100023, 0.48240816421150234, 0.6451723294051801, -0.14101212216169268, -0.1072891463534309, 0.8311325673268208, 0.3983554551497479, -0.4898332381548236, 0.5943904114031515, -0.4354027330583645, 0.9798907958002732]), Individual([0.0654153442188532, -0.8715093407828929, 0.2717041862863119, -0.5212676885286895, -0.48353935444032325, 0.20222188794249774, -0.806786761604021, -0.055555249725091294, 0.9447216591172276, -0.1641199575746053, -0.2641747751775092, -0.24372190875261746, -0.059208002878160304, -0.7330787595354789, 0.008759045940939902, -0.5191300956862104, 0.22773191220926048, -0.918639504747075, 0.22934893525062816, -0.07054823618424377, 0.42109531100927367, 0.009694248015395202, 0.6084394050177306, 0.6655942586634644, 0.12363678344553874, 0.9588262101370484, -0.10340478587487234, -0.6355662494634755, 0.7323212115286042, 0.3466760602569694, -0.6164108496879295, 0.25614608824605867, -0.7451372789559902, -0.8086979054271857, 0.28767356941991795, 0.5766190512166596, 0.782732082623147, 0.351217263625172, 0.525596293413668, 0.4662152734374301, 0.08487764777105622, 0.908793903105797, 0.9299274407423985, 0.76769658948701, 0.6698661473726117, -0.9154815068952409, 0.8478377887306123, 0.835219335006214]), Individual([0.6729029020280874, -0.14157773209470248, -0.7284802951091189, -0.7068389669885686, 0.346664938700896, 0.31489308533983684, -0.2409617645490203, 0.9781458825828138, -0.8395601519884026, -0.6140824236416256, -0.23018489344036452, 0.9847746938583086, -0.557497202124211, -0.8863526613172374, 0.3107014306058442, 0.6735875095740289, -0.7622346892135992, 0.5807581441672542, 0.8224410422161315, -0.39845992430561883, 