{"0": {"0": NaN, "1": NaN, "2": NaN, "3": NaN, "4": NaN, "5": NaN, "6": NaN, "7": NaN, "8": NaN, "9": NaN}, "1": {"0": NaN, "1": NaN, "2": NaN, "3": NaN, "4": NaN, "5": NaN, "6": NaN, "7": NaN, "8": NaN, "9": NaN}, "2": {"0": NaN, "1": NaN, "2": NaN, "3": NaN, "4": NaN, "5": NaN, "6": NaN, "7": NaN, "8": NaN, "9": NaN}, "3": {"0": NaN, "1": NaN, "2": NaN, "3": NaN, "4": NaN, "5": NaN, "6": NaN, "7": NaN, "8": NaN, "9": NaN}, "4": {"0": NaN, "1": NaN, "2": NaN, "3": 0.9943449232313368, "4": 0.9999916384617488, "5": 0.9999950461917453, "6": 0.9963383833567302, "7": NaN, "8": NaN, "9": NaN}, "5": {"0": NaN, "1": NaN, "2": NaN, "3": 0.9181621445549859, "4": 0.9997125526269277, "5": 0.9999225272072686, "6": 0.9927163018120659, "7": NaN, "8": NaN, "9": NaN}, "6": {"0": NaN, "1": NaN, "2": NaN, "3": NaN, "4": 0.9888546824455261, "5": 0.9995978104571501, "6": 0.9726510445276896, "7": NaN, "8": NaN, "9": NaN}, "7": {"0": NaN, "1": NaN, "2": NaN, "3": NaN, "4": NaN, "5": NaN, "6": NaN, "7": NaN, "8": NaN, "9": NaN}, "8": {"0": NaN, "1": NaN, "2": NaN, "3": NaN, "4": NaN, "5": NaN, "6": NaN, "7": NaN, "8": NaN, "9": NaN}, "9": {"0": NaN, "1": NaN, "2": NaN, "3": NaN, "4": NaN, "5": NaN, "6": NaN, "7": NaN, "8": NaN, "9": NaN}}