{"0": {"0": 0.4590106250231638, "1": 0.9881325528247819, "2": 0.995942021212836, "3": 0.9090376873972412, "4": 0.9965058023039628, "5": 0.998352918119781, "6": 0.9971872635296862, "7": 0.9950895775299387, "8": 0.9148229913214708, "9": 0.998916122698263, "10": 0.9881083063571794, "11": 0.9720840130877384, "12": 0.9782222837055011, "13": 0.9491938025660238, "14": 0.9962472916556483, "15": 0.9979656380592619, "16": 0.9258818209691959, "17": 0.9492565396869698, "18": 0.8893713794004489, "19": 0.8967834553812231}, "1": {"0": 0.8415180991171693, "1": 0.9816564079690561, "2": 0.9997094373317702, "3": 0.9683832309640029, "4": 0.9877419742237475, "5": 0.9803125203462639, "6": 0.9883208833212396, "7": 0.9964985762033117, "8": 0.9814693873614373, "9": 0.9430082433263974, "10": 0.99719360677899, "11": 0.9479532878022395, "12": 0.9804811517563653, "13": 0.989818689627237, "14": 0.9962371030682028, "15": 0.9291134650497308, "16": 0.900856634369679, "17": 0.8076876996097017, "18": 0.9405336729857642, "19": NaN}, "2": {"0": 0.9589927370283412, "1": 0.9787060716817814, "2": 0.9979088089116052, "3": 0.9792322503628047, "4": 0.9966909259568888, "5": 0.9977800284189666, "6": 0.9981334679645891, "7": 0.9998855241865364, "8": 0.9732520820337214, "9": 0.9910224033371772, "10": 0.9986807066657627, "11": 0.9980558056290887, "12": 0.973090781323938, "13": 0.9989244780830255, "14": 0.9960334985095949, "15": 0.9996882579460286, "16": 0.9777145807153624, "17": 0.7507748954720865, "18": 0.9662589004210405, "19": 0.9093883942112225}, "3": {"0": 0.7399857991578331, "1": 0.9977793513674167, "2": 0.9962536714151603, "3": 0.9948641611991746, "4": 0.9774291470007526, "5": 0.9875770274063982, "6": 0.9937623051093596, "7": 0.9955616818683595, "8": 0.9966707739707995, "9": 0.9937199836426953, "10": 0.9893903245301232, "11": 0.9911390785881603, "12": 0.99557485100841, "13": 0.9952720791210333, "14": 0.9869996060937799, "15": 0.9531043411053102, "16": 0.9797604527542584, "17": 0.9733902604213571, "18": 0.8982136547248382, "19": 0.9285894409717956}, "4": {"0": 0.9934253639350307, "1": 0.9902461979234387, "2": 0.996273361479323, "3": 0.9921277791541709, "4": 0.9991877001109108, "5": 0.9816404342749266, "6": 0.9970186066285784, "7": 0.9914914972886729, "8": 0.9944825033487712, "9": 0.9935014791958953, "10": 0.9995693034463664, "11": 0.9975309339930782, "12": 0.9979256796994058, "13": 0.9991031810969032, "14": 0.9954100707631193, "15": 0.9997160584478201, "16": 0.9953093403051869, "17": 0.993716146402677, "18": 0.934805159256832, "19": NaN}, "5": {"0": 0.9967360679650554, "1": 0.9804073438378814, "2": 0.9883791561535017, "3": 0.9904161121355186, "4": 0.9997257139446101, "5": 0.9996258150985393, "6": 0.9917864802433446, "7": 0.9940004563295851, "8": 0.9979018650773287, "9": 0.99810333703183, "10": 0.9889089757312427, "11": 0.9979239818345791, "12": 0.9991034700726765, "13": 0.99021359398404, "14": 0.9693549141173744, "15": 0.9995523963906515, "16": 0.9946042660602349, "17": 0.9908869722982748, "18": 0.9768078332060459, "19": NaN}, "6": {"0": 0.9965879841459144, "1": 0.9955819007636061, "2": 0.9987704558730809, "3": 0.9852333427555026, "4": 0.9990737753629949, "5": 0.9948772369153288, "6": 0.9988684206239902, "7": 0.9937096718236276, "8": 0.9996382158451088, "9": 0.9978307052570744, "10": 0.9953998144932544, "11": 0.9939434862042125, "12": 0.995097420700159, "13": 0.9896523163414517, "14": 0.9972149432252814, "15": 0.9925130296115167, "16": 0.9655515052484974, "17": 0.9425677238150487, "18": 0.9546025758012332, "19": 0.7643665971963314}, "7": {"0": 0.9758926029865224, "1": 0.9836356050130325, "2": 0.9433280980966494, "3": 0.9948323268450487, "4": 0.9871863133375716, "5": 0.992291026108221, "6": NaN, "7": 0.9957413265419376, "8": 0.9991864105330197, "9": 0.9951186838650186, "10": 0.9965533503491151, "11": 0.9917911775679212, "12": 0.9945849997186296, "13": 0.993617355237925, "14": 0.9865408600008541, "15": 0.9972941990619397, "16": 0.9987197375683318, "17": 0.9905109143737364, "18": 0.8232379362632185, "19": NaN}, "8": {"0": 0.9114767331650212, "1": 0.9995911239568585, "2": 0.987171503976683, "3": 0.9850207013594381, "4": 0.991546590601948, "5": 0.9983253602697685, "6": 0.9969364928594057, "7": 0.9996758326000404, "8": 0.9979440222875277, "9": 0.9989841108041594, "10": 0.9973833180353605, "11": 0.9987360141624454, "12": 0.9999778051667375, "13": 0.997217975250693, "14": 0.9916436109430947, "15": 0.9983760857221401, "16": 0.9914833415275625, "17": 0.9390235054316286, "18": 0.9964376489372861, "19": 0.949078175027635}, "9": {"0": 0.9862280258242433, "1": 0.9899875561664245, "2": 0.9970858826652214, "3": 0.9823518213319448, "4": 0.9921867908608935, "5": 0.9811188288428854, "6": 0.9893825759564057, "7": 0.9776962890230885, "8": 0.9943523484810113, "9": 0.9999326758914524, "10": 0.9998556349012587, "11": 0.9971037161513336, "12": 0.9951248804972879, "13": 0.9985187172619925, "14": 0.9956969308579513, "15": 0.9861874871104905, "16": 0.9614051413300715, "17": 0.9308233726121948, "18": 0.9512149877556482, "19": 0.9688440124183564}, "10": {"0": 0.9930250744054465, "1": 0.973111360177978, "2": 0.9971737226271993, "3": 0.9931401048481041, "4": 0.9537473755492145, "5": 0.9942401506383226, "6": 0.9958621914468706, "7": 0.9965202323672913, "8": 0.9855856905607336, "9": 0.9934183756510416, "10": 0.9996135433514913, "11": 0.9759082006532213, "12": 0.9936944256825339, "13": 0.9917700491830796, "14": 0.9776963577901231, "15": 0.9323542403915449, "16": 0.9728439744175776, "17": 0.922763628524038, "18": 0.9945102159930344, "19": 0.9924576255674344}, "11": {"0": 0.9202230214297089, "1": 0.9448867034219879, "2": 0.9954913737224482, "3": 0.9964189398374768, "4": 0.9854086951462837, "5": 0.9917192147345472, "6": 0.9952748910454043, "7": 0.9976686760052934, "8": 0.9986967228523957, "9": 0.9998595299321645, "10": 0.9998115820700855, "11": 0.9991480729672209, "12": 0.9949758632043649, "13": 0.9902038491274235, "14": 0.9943295639641759, "15": 0.990350884868216, "16": 0.9679450521908, "17": 0.9177608525513505, "18": 0.964305887170556, "19": 0.9745784057811165}, "12": {"0": NaN, "1": 0.9732556701462417, "2": 0.9666995458521639, "3": 0.9945603500595774, "4": 0.9997566632270093, "5": 0.9985630500877316, "6": 0.9988530667210145, "7": 0.9950093567885341, "8": 0.9994105256931157, "9": 0.993265702502899, "10": 0.9937772986574078, "11": 0.9995703010850496, "12": 0.9855187135076585, "13": 0.9973671571751775, "14": 0.9891740799960846, "15": 0.9764504224417727, "16": 0.9898822523020897, "17": 0.9797107456753581, "18": 0.294080822022611, "19": NaN}, "13": {"0": 0.7994748824849529, "1": NaN, "2": 0.9989465918764517, "3": 0.9943512527404134, "4": 0.9944147365465009, "5": 0.9914523348230031, "6": 0.9882793096296622, "7": 0.989112874775036, "8": 0.9982927426241158, "9": 0.9999223807186761, "10": 0.9983431332141439, "11": 0.993185647712445, "12": 0.9743547021549687, "13": 0.9941475889366167, "14": 0.9936583406432189, "15": 0.9758653663428916, "16": 0.9817987271132024, "17": 0.9799042564248271, "18": 0.9684202373339444, "19": 0.998512807324472}, "14": {"0": 0.9671949305504102, "1": 0.9429672967269811, "2": 0.9552884197411123, "3": 0.9927452389261456, "4": 0.9988738046837985, "5": 0.9970192671097828, "6": 0.9956930451777396, "7": 0.9968399776927072, "8": 0.9899616301661152, "9": 0.9957948520893171, "10": 0.9980491216763452, "11": 0.9955189562925637, "12": 0.9636400459874832, "13": 0.9609517796045247, "14": 0.9969582348871041, "15": 0.9592868356642049, "16": 0.952849269255016, "17": 0.6716905252555494, "18": 0.959320489047626, "19": 0.9873093388808178}, "15": {"0": NaN, "1": 0.8505599688079911, "2": 0.8913228811290208, "3": 0.9868443201041999, "4": 0.9836241659217105, "5": 0.9974057447091778, "6": 0.9975644462878803, "7": 0.997934946611085, "8": 0.9975937763464559, "9": 0.992290080382599, "10": 0.9991366659363766, "11": 0.9974048989851473, "12": 0.9940910191138282, "13": 0.9883597033131425, "14": NaN, "15": 0.9853068798444631,