{"0": {"0": NaN, "1": NaN, "2": NaN, "3": 0.895574641640317, "4": 0.9455789598381852, "5": 0.7824811009897134, "6": 0.9761309102104584, "7": 0.9112569375563515, "8": 0.9922803705701927, "9": 0.9996640427863104, "10": 0.9796655666124701, "11": 0.9955487736024742, "12": 0.9914533810900682, "13": 0.9807833702561141, "14": 0.9548170336375209, "15": 0.9743327844920079, "16": 0.925600350360928, "17": 0.9979478033360333, "18": NaN, "19": NaN}, "1": {"0": NaN, "1": 0.8763832432977535, "2": 0.9523272452582082, "3": 0.9369149810995354, "4": 0.9764794813963473, "5": 0.9733439385951699, "6": 0.9961418688441556, "7": 0.9906958597107581, "8": 0.9960752848113924, "9": 0.9974699817643101, "10": 0.994254678806038, "11": 0.9457754962099987, "12": 0.9636543916776873, "13": 0.9908964994356921, "14": 0.9999481527686818, "15": 0.9833151616170047, "16": 0.9978643840145869, "17": 0.977405547873627, "18": NaN, "19": NaN}, "2": {"0": NaN, "1": 0.91158883738228, "2": NaN, "3": 0.9222378563848522, "4": 0.8781005532270237, "5": 0.957212561534696, "6": 0.9974902485178052, "7": 0.9988894522335103, "8": 0.9975887884052999, "9": 0.9937901280372579, "10": 0.9997796448044662, "11": 0.9988135501677562, "12": 0.9979903369079839, "13": 0.999114257222368, "14": 0.9998439454023375, "15": 0.9954188312174596, "16": 0.9395156070869922, "17": 0.9915933041099954, "18": 0.9634165603284432, "19": 0.9884713957121262}, "3": {"0": NaN, "1": 0.8693807622706164, "2": NaN, "3": 0.9733254651535708, "4": 0.9977176951716403, "5": 0.9880088429209203, "6": 0.9819771725864929, "7": 0.9951146900280634, "8": 0.9952971603617637, "9": 0.9882417625511157, "10": 0.9950630306177074, "11": 0.9946969921547918, "12": 0.999691426941576, "13": 0.9968989993941926, "14": 0.9984847554715316, "15": 0.995899745615062, "16": 0.9959412034420931, "17": 0.9990306327875822, "18": 0.9815466933248994, "19": 0.9990970741553402}, "4": {"0": 0.9762730257598689, "1": 0.909875184482287, "2": 0.9496313284973871, "3": 0.9943465092397828, "4": 0.9813352887093797, "5": 0.9913360627808309, "6": 0.9981099555062452, "7": 0.9972964079669044, "8": 0.9997527719681084, "9": 0.9996790462336237, "10": 0.9931166740095083, "11": 0.9903582602157646, "12": 0.9976373688593078, "13": 0.9956308971206494, "14": 0.9945734816040884, "15": 0.9951995622653133, "16": 0.9983905507748678, "17": 0.9980386552461586, "18": 0.9976992179136974, "19": 0.9919136236721685}, "5": {"0": NaN, "1": 0.9458678153124171, "2": 0.9655821296096007, "3": 0.9793467423296949, "4": 0.9875294073196391, "5": 0.9882217925553769, "6": 0.9928965231072913, "7": 0.9944439717569096, "8": 0.9856924303540965, "9": 0.9993231702634789, "10": 0.9999243245804255, "11": 0.9995615674150113, "12": 0.9888643308480662, "13": 0.9956485780140352, "14": 0.9903701429438639, "15": 0.9918593982813813, "16": 0.9831157935853087, "17": 0.9955790213802838, "18": 0.9830249940213599, "19": 0.9693758935420287}, "6": {"0": 0.9606221243575779, "1": 0.8721227128826254, "2": 0.9533405639901231, "3": 0.9676029855033303, "4": 0.9950492623056639, "5": 0.9993692567412219, "6": 0.9764719941295334, "7": 0.988848186527889, "8": 0.9995303751798309, "9": 0.9998057101411015, "10": 0.9994494005423127, "11": 0.9992050991989714, "12": 0.992513632252628, "13": 0.9970719292630741, "14": 0.991420627036202, "15": 0.9871232650035533, "16": 0.9834453032797212, "17": 0.9969677145663816, "18": 0.9756727588801722, "19": 0.9813719359793595}, "7": {"0": 0.9629194823965282, "1": 0.9972915429070194, "2": 0.9821411623030858, "3": 0.9777966056561906, "4": 0.9972114668446811, "5": 0.9935207551105572, "6": 0.9884153324012345, "7": 0.9662502125938657, "8": 0.9973444690696855, "9": 0.996947026641841, "10": 0.99977411537664, "11": 0.999589264802906, "12": 0.9975567665369633, "13": 0.989651354660118, "14": 0.9997815114361307, "15": 0.9960280476403631, "16": 0.9912862452790225, "17": 0.9994541983508801, "18": 0.9908492079232212, "19": 0.9882103220700458}, "8": {"0": 0.9743755094505521, "1": 0.998255568557633, "2": 0.9756981165449063, "3": 0.9990492708658113, "4": 0.9988134997975994, "5": 0.9985060870454311, "6": 0.9993420118971197, "7": 0.9995459045639734, "8": 0.999823626100347, "9": 0.9966112337547715, "10": 0.9973482073989689, "11": 0.9936167228140006, "12": 0.9985679474110966, "13": 0.9956130496273539, "14": 0.9982698135606244, "15": 0.9794984872989125, "16": 0.9874343678094027, "17": 0.9940371753960338, "18": 0.990745164197063, "19": 0.9706287251369026}, "9": {"0": 0.9908911274052318, "1": 0.9549967912574588, "2": 0.99973780592623, "3": 0.9309686462921775, "4": 0.994797178653013, "5": 0.998149125338696, "6": 0.9895669193099706, "7": 0.9993806336611671, "8": 0.9882198449673367, "9": 0.9999291049109564, "10": 0.9961777581108942, "11": 0.9989210207296547, "12": 0.9979738183374534, "13": 0.9976593169505131, "14": 0.9991648332426684, "15": 0.9978357185297063, "16": 0.9892391449327256, "17": 0.9910842164071686, "18": 0.9970850090214387, "19": 0.9971421551454922}, "10": {"0": 0.9359425830743583, "1": 0.9950746124181251, "2": 0.9934162156346721, "3": 0.9761377987714872, "4": 0.9971892737897525, "5": 0.9999289643391231, "6": 0.9902958935269736, "7": 0.9931825318645713, "8": 0.9992111229766578, "9": 0.9997535535354043, "10": 0.9997450086805556, "11": 0.998667252900966, "12": 0.9991273247194903, "13": 0.9951016264459661, "14": 0.9908451827650857, "15": 0.9747602834635238, "16": 0.9953868419603421, "17": 0.9723336297454122, "18": 0.9552923987309454, "19": 0.9710350149742776}, "11": {"0": 0.9302253149657114, "1": 0.9405574875563748, "2": 0.9243711852138533, "3": 0.9813648800005537, "4": 0.9750106643757372, "5": 0.9978889843095592, "6": 0.9946387365494508, "7": 0.9929351324626721, "8": 0.9970590196248187, "9": 0.9930805655481625, "10": 0.9959945637133301, "11": 0.9976974677525321, "12": 0.9931863380495385, "13": 0.995978544605827, "14": 0.9998416829758351, "15": 0.989871257046513, "16": 0.9896991687155866, "17": 0.9734686188031104, "18": 0.9431051493565737, "19": 0.0407154055199026}, "12": {"0": 0.9049504149075625, "1": 0.1669931885060686, "2": 0.9922398616676822, "3": 0.9920468887035352, "4": 0.9956715759024461, "5": 0.9948489819409707, "6": 0.9983329300722908, "7": 0.9881812319549397, "8": 0.9995256555169786, "9": 0.992335553188093, "10": 0.9999016523026414, "11": 0.9997231118780046, "12": 0.9959369504734714, "13": 0.9994653597168408, "14": 0.996829556685158, "15": 0.9848652467389516, "16": 0.9902800197648808, "17": 0.9908182905422586, "18": 0.4514713037608118, "19": 0.024228818801472984}, "13": {"0": 0.9002869235886282, "1": 0.9499931545386571, "2": 0.9850993796406265, "3": 0.8677451397684608, "4": 0.9990274658640791, "5": 0.9996974859133625, "6": 0.9892832417741718, "7": 0.9992646866031862, "8": 0.9998792281381536, "9": 0.9984203367781596, "10": 0.9944574139911044, "11": 0.984656896315763, "12": 0.9962146726819456, "13": 0.9985749460022697, "14": 0.9957510047075065, "15": 0.9989143021713962, "16": 0.998939694852434, "17": 0.9921641440929755, "18": 0.9993590431903311, "19": 0.9959867651178739}, "14": {"0": 0.9896892325142299, "1": 0.9437153339877697, "2": 0.9607218550544714, "3": 0.9511442931222512, "4": 0.9816094285432819, "5": 0.9925078774865151, "6": 0.9736753696819492, "7": 0.9981218818273684, "8": 0.9989143020113121, "9": 0.9921922682573862, "10": 0.995746704622735, "11": 0.9966075253099218, "12": 0.9947951176553003, "13": 0.998084384337809, "14": 0.9991568795860464, "15": 0.9967593033495068, "16": 0.9997922017995612, "17": 0.8973168058237914, "18": 0.9340260478016273, "19": 0.9548283712476093}, "15": {"0": 0.974192556086092, "1": 0.9742733737974226, "2": 0.610759325834201, "3": 0.9958334051930999, "4": 0.9867458618712625, "5": 0.9949693289236724, "6": 0.9950504874892551, "7": 0.9906421013335628, "8": 0.9952751028089349, "9": 0.9972812393289252, "10": 0.9988438485201173, "11": 0.9987397438072971, "12": 0.9936079077223449, "13": 0.9983673323478357, "14": 0.9977366466662512, "15": 0.9959622689764339, "16": 0.9823138468306721, "17": 0.9705548521984868,