{"0": {"0": NaN, "1": 0.7197858386569553, "2": 0.715304692586263, "3": 0.8406255510118272, "4": 0.9103609191046821, "5": 0.9359789000617134, "6": 0.5659938812255859, "7": 0.9799613528781467, "8": 0.8663376808166504, "9": 0.7966039869520399, "10": 0.7940124935574002, "11": 0.9617789189020792, "12": 0.9728046814600627, "13": 0.98941117922465, "14": 0.983974552154541, "15": 0.9502259625328912, "16": NaN, "17": 0.8991275999281141, "18": NaN, "19": NaN}, "1": {"0": NaN, "1": 0.6282191382514106, "2": 0.9146598286098904, "3": 0.7040598551432291, "4": 0.7908224317762587, "5": 0.994879666964213, "6": 0.9590120077133178, "7": 0.8543249660068089, "8": 0.9281961388058133, "9": 0.992162291208903, "10": 0.9940458138783773, "11": 0.9964542521370782, "12": 0.9574513779746161, "13": 0.999360387855106, "14": 0.983073377609253, "15": 0.9902992645899454, "16": 0.8173138300577799, "17": 0.8661421775817871, "18": 0.730223125881619, "19": NaN}, "2": {"0": 0.6192325592041015, "1": 0.7512685139973958, "2": 0.8944837358262804, "3": 0.877931743197971, "4": 0.8494122505187989, "5": 0.9297194110022651, "6": 0.9791309118270874, "7": 0.927071295844184, "8": 0.9998476478788588, "9": 0.988188276025984, "10": 0.9956584241655138, "11": 0.9789029757181803, "12": 0.9726681894726223, "13": 0.9926769653956096, "14": 0.9995579772525364, "15": 0.9602063576380412, "16": 0.7099500444200304, "17": 0.9280476252237956, "18": 0.8700819651285807, "19": NaN}, "3": {"0": 0.9248215304480658, "1": 0.805537478129069, "2": 0.8463526195949979, "3": 0.8760999997456869, "4": 0.9650139914618598, "5": 0.9441885842217339, "6": 0.99208984375, "7": 0.9933578491210937, "8": 0.9724030521180894, "9": 0.9937839799457127, "10": 0.99965889983707, "11": 0.9932653453614977, "12": 0.9983620590633816, "13": 0.9622524844275581, "14": 0.9757628281911214, "15": 0.8983301586574979, "16": 0.8637674967447917, "17": 0.7616487291124132, "18": 0.758291859096951, "19": 0.656551276312934}, "4": {"0": 0.5835269504123264, "1": 0.8915618578592936, "2": 0.8285384284125434, "3": 0.9135381804572211, "4": 0.9371567461225722, "5": 0.9546972698635525, "6": 0.9965147614479065, "7": 0.9993702557351855, "8": 0.9628608836068048, "9": 0.9912560966279772, "10": 0.9864298502604166, "11": 0.971731980641683, "12": 0.9848063866297404, "13": 0.9898224459754096, "14": 0.989703181054857, "15": 0.9051307678222656, "16": 0.8744926240709092, "17": 0.7357027689615885, "18": NaN, "19": 0.5711582183837891}, "5": {"0": 0.7935924530029297, "1": 0.9881296634674073, "2": 0.9898183478249444, "3": 0.9931908965110778, "4": 0.9935798525810242, "5": 0.8997823503282335, "6": 0.998819727367825, "7": 0.9932977464463976, "8": 0.9762724346584744, "9": 0.9972566392686631, "10": 0.9918576969040764, "11": 0.9748731030358209, "12": 0.992994279993905, "13": 0.999981697400411, "14": 0.9799755732218425, "15": 0.9564035733540853, "16": 0.9943375296062893, "17": 0.9265327983432345, "18": 0.9722696410285102, "19": 0.48538046942816837}, "6": {"0": 0.9018153720431857, "1": 0.9087370766533746, "2": 0.9637793170081245, "3": 0.9893908818562825, "4": 0.9777393288082546, "5": 0.8342248916625976, "6": 0.9663282765282525, "7": 0.9994264589415656, "8": 0.9930415021048652, "9": 0.9948348999023438, "10": 0.9907772488064236, "11": 0.9832540247175429, "12": 0.9970432622565164, "13": 0.9694766415490045, "14": 0.9198700957828098, "15": 0.9994542333814833, "16": 0.9990629924668206, "17": 0.9818079630533855, "18": 0.9012088351779514, "19": 0.688175180223253}, "7": {"0": 0.9901809838083055, "1": 0.9829398261176215, "2": 0.9602336035834418, "3": 0.9843975053893195, "4": 0.9657615873548719, "5": 0.9934443844689264, "6": 0.9268068896399604, "7": 0.983354722128974, "8": 0.9894530296325683, "9": 0.9994810316297743, "10": 0.9931782086690267, "11": 0.9827616294225057, "12": 0.9965008265442319, "13": 0.9992541021770901, "14": 0.991753531826867, "15": 0.9915263334910075, "16": 0.9594276004367405, "17": 0.9894803126653036, "18": 0.967488267686632, "19": 0.7397722668117948}, "8": {"0": 0.998662750588523, "1": 0.9790459235509237, "2": 0.9721216440200806, "3": 0.9991606780224376, "4": 0.9947259200943841, "5": 0.9946709738837348, "6": 0.977179119322035, "7": 0.9885650952657064, "8": 0.995328238275316, "9": 0.9984619537989299, "10": 0.9992357757356432, "11": 0.9942943983607822, "12": 0.9930677321222093, "13": 0.9544225427839491, "14": 0.9640474531385633, "15": 0.9994463404019673, "16": 0.9811562524901496, "17": 0.987716982099745, "18": 0.9138076782226563, "19": 0.729414431254069}, "9": {"0": 0.9879746476809184, "1": 0.9898743894365098, "2": 0.97961901028951, "3": 0.9916258818573422, "4": 0.9767657518386841, "5": 0.9977109485202366, "6": 0.9948552515771654, "7": 0.998499494128757, "8": 0.9998936255772909, "9": 0.9993203785684374, "10": 0.9989655044343736, "11": 0.9959482828776042, "12": 0.9936935716205173, "13": 0.9983596540159649, "14": 0.9976081278589036, "15": 0.9941106451882257, "16": 0.9418013572692872, "17": 0.8989179823133681, "18": 0.9338061226738824, "19": NaN}, "10": {"0": 0.9909902864032322, "1": 0.9726289086871677, "2": 0.9820854716830784, "3": 0.9853744135962592, "4": 0.9974614355299208, "5": 0.9856256246566772, "6": 0.9974447766939799, "7": 0.9957229591078228, "8": 0.9973282469643487, "9": 0.997282165951199, "10": 0.9997571309407552, "11": 0.9997559997770521, "12": 0.994412726826138, "13": 0.966635979546441, "14": 0.980716758304172, "15": 0.9868320160441928, "16": 0.9832270251380073, "17": 0.9260725869072808, "18": 0.8691177368164062, "19": 0.9124337514241536}, "11": {"0": 0.966295591990153, "1": 0.9972752359178331, "2": 0.8383703231811523, "3": 0.9481986734602187, "4": 0.9891203535927666, "5": 0.9993874059783088, "6": 0.9788257386949327, "7": 0.9895250558853149, "8": 0.9917847527398004, "9": 0.9991683993074629, "10": 0.9972814930809869, "11": 0.982416480117374, "12": 0.9971222400665283, "13": 0.9818733003404405, "14": 0.9194636027018229, "15": 0.980848224957784, "16": 0.9799233065711127, "17": 0.9837175435490079, "18": 0.9971257001161575, "19": 0.6860198974609375}, "12": {"0": 0.9887765738699171, "1": 0.9276440461476644, "2": 0.9478013780381944, "3": 0.8920984586079915, "4": 0.9826736450195312, "5": 0.9664738972981771, "6": 0.985546366373698, "7": 0.9951062679290772, "8": 0.9605432298448351, "9": 0.9876162740919325, "10": 0.9995090325673421, "11": 0.999152331882053, "12": 0.982027734650506, "13": 0.9973344008127848, "14": 0.9603614197836982, "15": 0.9787791887919108, "16": 0.8992038302951388, "17": 0.988405802514818, "18": 0.9814189010196261, "19": 0.9818503326839871}, "13": {"0": 0.9475281556447347, "1": 0.9065528339809842, "2": 0.9929880142211914, "3": 0.9772781372070313, "4": 0.9954839070638021, "5": 0.9998630099826389, "6": 0.9771067513359918, "7": 0.9936806784735785, "8": 0.997047840224372, "9": 0.9736007187101576, "10": 0.9980075160662333, "11": 0.9751495546764798, "12": 0.9810276415612963, "13": 0.9971831162770589, "14": 0.9969710767269134, "15": 0.9423591772715251, "16": 0.9875144375695123, "17": 0.9204123867882623, "18": 0.9101228502061632, "19": 0.8801588906182183}, "14": {"0": 0.9813403606414794, "1": 0.9855025847752888, "2": 0.9840277989705404, "3": 0.9654819991853502, "4": 0.9566778182983399, "5": 0.9381642394595676, "6": 0.9872553745905558, "7": 0.9675962501102023, "8": 0.9953936258951823, "9": 0.991082043117947, "10": 0.994844388961792, "11": 0.973334362771776, "12": 0.8738718350728353, "13": 0.9521667321523031, "14": 0.9979183461931017, "15": 0.9853011290232341, "16": 0.7791049533420139, "17": 0.9073570357428656, "18": 0.45278824700249565, "19": NaN}, "15": {"0": 0.9093299441867404, "1": 0.9270078606075711, "2": 0.7407240549723307, "3": 0.9842542899979485, "4": 0.834539720747206, "5": 0.8962513287862142, "6": 0.9465835041469998, "7": 0.9928894089327918, "8": 0.9733654446072049, "9": 0.9981630120012496, "10": 0.987518945005205, "11": 0.9971844693024953, "12": 0.7025038613213432, "13": 0.9585299571355184, "14": 0.9503042221069335, "15": 0.990865151087443, "16": 0.7646335177951389,