{
    "algorithms": [
        "RandomSearchMutPolyBounded"
    ],
    "batch_size": 50,
    "current": "RandomSearchMutPolyBounded",
    "current_idx": 0,
    "current_iter": 200,
    "name": "algoQD",
    "nb_evaluations": 10000,
    "nb_evaluations_in_iteration": 0,
    "nb_max_iter": 200,
    "nb_suggestions": 10000,
    "nb_suggestions_in_iteration": 0,
    "nb_updated": 31,
    "nb_updated_in_iteration": 0,
    "tell_container_when_switching": "only_best",
    "budget": 10000,
    "container": "Grid([Individual([0.2963009853077121, 0.9561056966198969, -0.516950591896197, 0.9876579780017591, 0.3975587268891225, -0.929110063782645, -0.5668567617236173, -0.8025659049332994, -0.7441681679956018, -0.3316211876360633, -0.9300697957836772, 0.9912619856021887, -0.9873961930759838, -0.33094157954286096, -0.495650184422636, -0.40971844127014556, 0.4899900088818363, -0.011374044385872084, -0.999170897662135, -0.25208315721294317, 0.07940135547547267, -0.21389841986887825, -0.48892699687725605, 0.4718416951089419, 0.18373789613024916, 0.3975322293701016, -0.5327627180516257, -0.2819355691493375, -0.45280887594367925, 0.21367837550325852, -0.4462030949090825, -0.16069561474645355, 0.2416820046070567, 0.11474244761720565, -0.31412339676177514, -0.6575141282082475, 0.12633961045852948, 0.9299294560352585, 0.8969421300840346, -0.49905727053543547, -0.6177249164461684, -0.6174794350096076, 0.2767444867847788, -0.9320310188824581, -0.046003388336854245, 0.8254490142946529, 0.740434296013134, -0.7008589365483369]), Individual([-0.2859216929658497, -0.35048652289987725, 0.4527226594898506, -0.5235117337823789, -0.36247193098594566, -0.12925977946311096, -0.5136843544463707, 0.08700851867875103, -0.41171195923001846, -0.16619275929691435, 0.019044876786662668, -0.6259600732882611, 0.7924080775975484, -0.4592018185329225, 0.7732798455687309, -0.08837735129213398, 0.7747571477728785, -0.35913652549238106, -0.9556079469579761, -0.6423908151986277, 0.37860124315327925, -0.6261353507649623, -0.3366280252458138, 0.828678942915974, -0.4691447648954794, 0.5329152703753919, 0.38989341670020217, 0.67866426864385, -0.6271280065037721, 0.5937630987731386, 0.8092919921754946, 0.651294375992497, 0.7688057030528876, -0.9873681756553818, -0.44708016559483066, 0.5112663178435808, 0.26945934863814736, -0.7319373516705447, 0.21094844297269644, 0.08731440464890028, 0.32334998758560696, -0.9416499755482464, -0.09032108344577305, 0.9107992529768401, 0.9144148028335692, -0.17345131780651024, -0.8152072589556012, 0.6647366965622734]), Individual([0.2978499804085506, 0.9390491941374965, -0.6159157051926227, 0.8368518927502675, 0.26316902115731056, -0.9746281327380895, -0.45782758657605216, -0.5017673602051698, -0.9473108626276479, -0.3478175432816286, -0.9373509644326221, 0.9636427757264794, -0.8459544666396506, -0.46915029256096963, -0.3264252274911221, -0.3212750161095772, 0.6011692919224272, -0.2639142409153845, -0.999170897662135, -0.3444217788948072, 0.07940135547547267, -0.35017821409738126, -0.6304436767893806, 0.5929940134037857, 0.214070204951877, 0.44975962090913835, -0.1452155443244827, -0.3333147188877086, -0.312414869623137, 0.0359534350211177, -0.7311480684817357, -0.2398721191609121, 0.370447949412116, -0.21704262242928696, -0.21894774292578356, -0.764086247430432, 0.12633961045852948, 0.9563659190227549, 0.7552221839437723, -0.49905727053543547, -0.6311645918113638, -0.490225867797649, 0.3325070720558869, -0.6296504897393542, -0.007351026241124936, 0.6648685816019546, 0.740434296013134, -0.47278942382845335]), Individual([0.22314955217280286, -0.5030576898802879, -0.20308580648362295, -0.08069870528868561, -0.057313343505238645, 0.2650102966612513, 0.34373278290968523, -0.1583868075184549, -0.9782326947105036, 0.1111274464994183, -0.26019974370523435, 0.6616384339971375, -0.32561421567317805, -0.5393869805308551, -0.5705445651445935, 0.052455887308589855, -0.9212955712855864, 0.47081511930735354, 0.19380107112902012, -0.45122161105822234, -0.004940326709741205, -0.5312844739466995, 0.10711499455433593, -0.16135302970935772, -0.232595901122558, -0.5092479190721642, -0.789493714454593, 0.8555472670875051, -0.4061687367640838, -0.6748617074025705, 0.6376485288211136, -0.06126659497028375, -0.22873487911203672, -0.49572432404584976, -0.8362618372506507, -0.30224185197806497, -0.08036603965575906, 0.45276650846930955, -0.6374825469549805, -0.17615374547776486, 0.3850815982161164, -0.875699150601627, -0.5880820249484817, -0.42414521251981085, -0.6303046851533887, 0.7322530872621229, -0.4038926708506534, 0.32133876996506316])])",
    "deepcopy_on_selection": true,
    "dimension": 48,
    "eta": 20.0,
    "ind_domain": [
        -1.0,
        1.0
    ],
    "init_pb": 0.1,
    "mut_pb": 0.4,
    "optimisation_task": "maximisation",
    "sel_pb": 0.9,
    "evals": "     alg_name  iteration  cont_size      max0    elapsed\n0      algoQD          0          1  0.289613  10.243682\n1      algoQD          0          2  0.739307  10.009701\n2      algoQD          0          3  0.928667  10.009825\n3      algoQD          0          3  0.928667  10.009727\n4      algoQD          0          3  0.928667  10.009811\n...       ...        ...        ...       ...        ...\n9995   algoQD        199          4  0.999965  10.009752\n9996   algoQD        199          4  0.999965  10.009361\n9997   algoQD        199          4  0.999965  10.009425\n9998   algoQD        199          4  0.999965  10.009481\n9999   algoQD        199          4  0.999965  10.008439\n\n[10000 rows x 5 columns]",
    "iterations": "    alg_name iteration cont_size evals nb_updated  ...       max             ft_min           ft_max qd_score elapsed\n0     algoQD         0     4/100    50         13  ...   [0.994]  [-0.4934,-0.4204]  [0.8765,0.6442]     3.95  991.22\n1     algoQD         1     4/100    50          2  ...  [0.9961]  [-0.4934,-0.4204]  [0.8765,0.5657]     3.99  500.49\n2     algoQD         2     4/100    50          2  ...  [0.9997]  [-0.2945,-0.4204]  [0.8765,0.6718]     3.99  500.50\n3     algoQD         3     4/100    50          0  ...  [0.9997]  [-0.2945,-0.4204]  [0.8765,0.6718]     3.99  500.50\n4     algoQD         4     4/100    50          1  ...  [0.9997]  [-0.2437,-0.4204]  [0.8765,0.6811]     3.99  500.50\n..       ...       ...       ...   ...        ...  ...       ...                ...              ...      ...     ...\n195   algoQD       195     4/100    50          0  ...      [1.]  [-0.4700,-2.0553]  [0.5175,0.5638]     4.00  500.50\n196   algoQD       196     4/100    50          0  ...      [1.]  [-0.4700,-2.0553]  [0.5175,0.5638]     4.00  500.50\n197   algoQD       197     4/100    50          0  ...      [1.]  [-0.4700,-2.0553]  [0.5175,0.5638]     4.00  500.50\n198   algoQD       198     4/100    50          0  ...      [1.]  [-0.4700,-2.0553]  [0.5175,0.5638]     4.00  500.50\n199   algoQD       199     4/100    50          0  ...      [1.]  [-0.4700,-2.0553]  [0.5175,0.5638]     4.00   10.02\n\n[200 rows x 13 columns]",
    "config": {
        "main_algorithm_name": "algoTotal",
        "log_base_path": "20.12.23_10000budget",
        "containers": {
            "cont0": {
                "type": "Grid",
                "name": "cont0",
                "shape": [
                    10,
                    10
                ],
                "max_items_per_bin": 1,
                "fitness_domain": [
                    [
                        -1.0,
                        1.0
                    ]
                ],
                "features_domain": [
                    [
                        -20.0,
                        20.0
                    ],
                    [
                        -20.0,
                        20.0
                    ]
                ]
            }
        },
        "algorithms": {
            "optimisation_task": "maximisation",
            "ind_domain": [
                -1.0,
                1.0
            ],