{"0": {"0": NaN, "1": NaN, "2": NaN, "3": NaN, "4": NaN, "5": NaN, "6": NaN, "7": NaN, "8": NaN, "9": 0.9095686064826117, "10": NaN, "11": NaN, "12": NaN, "13": NaN, "14": NaN, "15": NaN, "16": NaN, "17": NaN, "18": NaN, "19": NaN}, "1": {"0": NaN, "1": NaN, "2": NaN, "3": NaN, "4": 0.9436758783128526, "5": NaN, "6": 0.7945621490478516, "7": 0.9400162537892659, "8": 0.8175357606675889, "9": 0.5883370293511285, "10": NaN, "11": NaN, "12": NaN, "13": NaN, "14": NaN, "15": NaN, "16": NaN, "17": NaN, "18": NaN, "19": NaN}, "2": {"0": NaN, "1": NaN, "2": 0.61495853000217, "3": NaN, "4": 0.9911585516399808, "5": 0.8205595440334744, "6": 0.910389953189426, "7": 0.9794352743360731, "8": 0.9677756653891669, "9": 0.9795073694652981, "10": 0.9365830633375379, "11": NaN, "12": NaN, "13": NaN, "14": NaN, "15": NaN, "16": NaN, "17": NaN, "18": NaN, "19": NaN}, "3": {"0": NaN, "1": 0.9637227164374458, "2": NaN, "3": 0.9394429630703396, "4": 0.9818092107772827, "5": 0.9967480553521051, "6": 0.9875724342134263, "7": 0.99311187532213, "8": 0.9940522617763943, "9": 0.9751478168699477, "10": 0.9549035284254286, "11": 0.916192987230089, "12": NaN, "13": 0.6965481652153862, "14": NaN, "15": NaN, "16": NaN, "17": NaN, "18": NaN, "19": NaN}, "4": {"0": NaN, "1": NaN, "2": NaN, "3": 0.8554727342393663, "4": 0.9658058166503907, "5": 0.9850139405992296, "6": 0.9965632226732042, "7": 0.9941031959321763, "8": 0.9999713725513882, "9": 0.9987132549285889, "10": 0.9133312437269423, "11": 0.8929708692762587, "12": 0.9591193728976779, "13": 0.7339717017279731, "14": 0.6374964820014106, "15": NaN, "16": NaN, "17": NaN, "18": NaN, "19": NaN}, "5": {"0": NaN, "1": NaN, "2": 0.6457417170206705, "3": 0.7681956821017795, "4": 0.8821008682250977, "5": 0.9840046829647489, "6": 0.9594294230143229, "7": 0.9961194197336832, "8": 0.9978420986069574, "9": 0.9850931763648987, "10": 0.9648884561326768, "11": 0.8346037440829807, "12": 0.9334467146131727, "13": 0.712357415093316, "14": 0.6893021053738064, "15": NaN, "16": NaN, "17": NaN, "18": NaN, "19": NaN}, "6": {"0": 0.7012066311306424, "1": 0.5400071038140191, "2": 0.8128032048543294, "3": 0.5368020375569662, "4": 0.7979376898871527, "5": 0.9088504685295953, "6": 0.9820325043466356, "7": 0.9941577884886, "8": 0.9999175363116795, "9": 0.9943429761462741, "10": 0.9878422631157769, "11": 0.9945539447996351, "12": 0.9670604944229126, "13": 0.9878856499989828, "14": 0.9843615757094489, "15": NaN, "16": NaN, "17": NaN, "18": NaN, "19": NaN}, "7": {"0": 0.7653688854641385, "1": NaN, "2": NaN, "3": 0.679075961642795, "4": 0.6920138465033637, "5": 0.804449462890625, "6": 0.9925304863188001, "7": 0.992716924349467, "8": 0.9973407573170132, "9": 0.9984916872448392, "10": 0.9950795345836215, "11": 0.9999080472522311, "12": 0.977587432331509, "13": 0.9917968485090468, "14": 0.9631151305304633, "15": 0.8953560087415907, "16": NaN, "17": NaN, "18": NaN, "19": NaN}, "8": {"0": NaN, "1": NaN, "2": NaN, "3": NaN, "4": 0.8481123924255372, "5": 0.9328193452623156, "6": 0.9853537148899503, "7": 0.9747036404079861, "8": 0.9906606992085775, "9": 0.9988414857122633, "10": 0.9991519994205899, "11": 0.9995325724283854, "12": 0.9978110823366377, "13": 0.992626299460729, "14": 0.9992163605160184, "15": 0.9993333313200209, "16": NaN, "17": NaN, "18": NaN, "19": NaN}, "9": {"0": NaN, "1": NaN, "2": NaN, "3": 0.514046393500434, "4": 0.8860793219672309, "5": 0.9904632674323188, "6": 0.9899979909261067, "7": 0.9919472879833645, "8": 0.9979676173792945, "9": 0.9998213476604886, "10": 0.999841509345505, "11": 0.9959424548678928, "12": 0.9992770539389716, "13": 0.9969043996598985, "14": 0.9981971210903592, "15": 0.9886659304300944, "16": NaN, "17": NaN, "18": NaN, "19": NaN}, "10": {"0": 0.3311902787950304, "1": NaN, "2": 0.2597805447048611, "3": 0.5281222449408637, "4": 0.8038983662923177, "5": 0.9952583101060656, "6": 0.9989930166138543, "7": 0.9973958942625257, "8": 0.9969386822647519, "9": 0.9999669763776992, "10": 0.9995930353800456, "11": 0.9997649550437927, "12": 0.9970316953129239, "13": 0.9422705544365777, "14": 0.9883010864257813, "15": 0.9973120795355903, "16": 0.5787189059787325, "17": 0.6540593041314019, "18": NaN, "19": NaN}, "11": {"0": NaN, "1": NaN, "2": NaN, "3": 0.6893058776855469, "4": 0.7870397355821397, "5": 0.9950386345386505, "6": 0.9955095916986465, "7": 0.9943226767910851, "8": 0.9883438785870869, "9": 0.9971861097547743, "10": 0.9998641014099121, "11": 0.9984448459413316, "12": 0.9722711828019884, "13": 0.8451284514533148, "14": 0.8888924916585287, "15": 0.7227626800537109, "16": 0.7212589263916016, "17": 0.6365227593315972, "18": NaN, "19": NaN}, "12": {"0": NaN, "1": NaN, "2": NaN, "3": 0.8510239283243815, "4": 0.9154510921902127, "5": 0.8991068522135417, "6": 0.9938745352956984, "7": 0.9805991702609592, "8": 0.9997176912095812, "9": 0.9996285186873541, "10": 0.9993545055389405, "11": 0.9993456224600474, "12": 0.9980966356065538, "13": 0.9754238208134969, "14": 0.9644416358735827, "15": 0.8059956868489584, "16": 0.7803860558403863, "17": 0.6415165795220269, "18": NaN, "19": NaN}, "13": {"0": NaN, "1": NaN, "2": NaN, "3": 0.6675632476806641, "4": 0.7538608127170139, "5": 0.9224920060899523, "6": 0.9898185041215685, "7": 0.9833014845848084, "8": 0.9991321881612142, "9": 0.9951090984874301, "10": 0.9821324719323052, "11": 0.9940191162957086, "12": 0.9912239207161797, "13": 0.9883277866575453, "14": 0.9402163611518012, "15": 0.9957037409146626, "16": 0.9058785968356662, "17": NaN, "18": NaN, "19": NaN}, "14": {"0": NaN, "1": NaN, "2": NaN, "3": NaN, "4": NaN, "5": NaN, "6": 0.9822936402426825, "7": 0.9818594535191854, "8": 0.9881728463702731, "9": 0.9951812108357747, "10": 0.9922376539972093, "11": 0.9923412375979953, "12": 0.9293950186835395, "13": 0.9985323329766591, "14": 0.9988505270746019, "15": 0.9817090140448677, "16": 0.9772637685139974, "17": NaN, "18": NaN, "19": NaN}, "15": {"0": NaN, "1": NaN, "2": NaN, "3": NaN, "4": NaN, "5": NaN, "6": 0.8843906084696451, "7": 0.9628089374966091, "8": 0.9782189475165473, "9": 0.9877676765124003, "10": 0.9993873861100938, "11": 0.9940830813513861, "12": 0.90123626920912, "13": 0.9441553433736165, "14": 0.9198767185211182, "15": NaN, "16": NaN, "17": NaN, "18": NaN, "19": NaN}, "16": {"0": NaN, "1": NaN, "2": NaN, "3": NaN, "4": NaN, "5": NaN, "6": NaN, "7": 0.9239923901028103, "8": 0.8220266342163086, "9": 0.8822646776835124, "10": 0.8665785047743055, "11": 0.8255214479234483, "12": 0.9936342848671808, "13": NaN, "14": 0.8112110137939453, "15": NaN, "16": NaN, "17": NaN, "18": NaN, "19": NaN}, "17": {"0": NaN, "1": NaN, "2": NaN, "3": NaN, "4": NaN, "5": NaN, "6": NaN, "7": NaN, "8": NaN, "9": NaN, "10": NaN, "11": NaN, "12": NaN, "13": NaN, "14": NaN, "15": NaN, "16": NaN, "17": NaN, "18": NaN, "19": NaN}, "18": {"0": NaN, "1": NaN, "2": NaN, "3": NaN, "4": NaN, "5": NaN, "6": NaN, "7": NaN, "8": NaN, "9": NaN, "10": NaN, "11": NaN, "12": NaN, "13": NaN, "14": NaN, "15": NaN, "16": NaN, "17": NaN, "18": NaN, "19": NaN}, "19": {"0": NaN, "1": NaN, "2": NaN, "3": NaN, "4": NaN, "5": NaN, "6": NaN, "7": NaN, "8": NaN, "9": NaN, "10": NaN, "11": NaN, "12": NaN, "13": NaN, "14": NaN, "15": NaN, "16": NaN, "17": NaN, "18": NaN, "19": NaN}}