{"0": {"0": NaN, "1": NaN, "2": NaN, "3": NaN, "4": NaN, "5": NaN, "6": 0.8265815099080404, "7": 0.8449266857571072, "8": 0.9887994580798679, "9": 0.9564341227213542, "10": 0.8956476741366917, "11": 0.998249700334337, "12": 0.8693104108174642, "13": 0.8001071294148763, "14": 0.8298280927870009, "15": NaN, "16": 0.6917832056681315, "17": NaN, "18": NaN, "19": NaN}, "1": {"0": NaN, "1": NaN, "2": NaN, "3": 0.5342747158474392, "4": 0.948795477549235, "5": 0.911068672604031, "6": 0.9635213692982991, "7": 0.9730748732884725, "8": 0.9237584061092801, "9": 0.9840418855349223, "10": 0.9976909346050686, "11": 0.9375599066416422, "12": 0.8482719633314344, "13": 0.6922063191731771, "14": 0.7195234934488932, "15": NaN, "16": NaN, "17": NaN, "18": NaN, "19": NaN}, "2": {"0": NaN, "1": NaN, "2": 0.6474642859564887, "3": 0.7339090771145291, "4": 0.7178048663669162, "5": 0.8424457126193576, "6": 0.9661663187874688, "7": 0.9262034310234918, "8": 0.9996654020415412, "9": 0.9925425132115682, "10": 0.9775808440314399, "11": 0.9424975925021701, "12": 0.6999735514322917, "13": 0.6883307139078776, "14": 0.8821644888983833, "15": 0.7665235307481554, "16": 0.6668638441297743, "17": 0.7029318067762587, "18": NaN, "19": NaN}, "3": {"0": NaN, "1": NaN, "2": 0.6098559485541449, "3": 0.7330970128377279, "4": 0.8130733913845486, "5": 0.9195186879899767, "6": 0.9997360706329346, "7": 0.9980479412608676, "8": 0.9950529707802667, "9": 0.999158685737186, "10": 0.9913857446776496, "11": 0.993518418735928, "12": 0.9588515334659152, "13": 0.9350597699483236, "14": 0.8413783815171983, "15": 0.8386743121676975, "16": NaN, "17": 0.6758247375488281, "18": NaN, "19": NaN}, "4": {"0": NaN, "1": 0.5108675638834635, "2": 0.6044966379801432, "3": 0.7356432808770074, "4": 0.8356557210286458, "5": 0.8832835621303983, "6": 0.9738011651568943, "7": 0.9708107418484158, "8": 0.9987921847237481, "9": 0.9895982715818618, "10": 0.984728725751241, "11": 0.994253232744005, "12": 0.9329554239908854, "13": 0.8602257622612848, "14": 0.750792121887207, "15": 0.6765286763509115, "16": 0.6491540696885851, "17": 0.638234371609158, "18": 0.5754950629340277, "19": NaN}, "5": {"0": 0.4552300771077473, "1": 0.518005625406901, "2": 0.5832230038113064, "3": 0.663306999206543, "4": 0.8759002791510688, "5": 0.987208550506168, "6": 0.9553823471069336, "7": 0.9986613220638699, "8": 0.9902845859527588, "9": 0.9897009902530246, "10": 0.9935177008310954, "11": 0.9839227742618984, "12": 0.9138266245524088, "13": 0.7917744742499457, "14": 0.7668245527479384, "15": 0.7060952928331163, "16": 0.47877341376410587, "17": NaN, "18": 0.6080210367838541, "19": NaN}, "6": {"0": 0.4148341284857856, "1": 0.5023970286051432, "2": 0.5965444776746962, "3": 0.5383589002821181, "4": 0.8100389056735569, "5": 0.8145509084065755, "6": 0.9932112667295668, "7": 0.9892030325200822, "8": 0.9965003569920857, "9": 0.9942502763536242, "10": 0.9933590557840135, "11": 0.9929924620522393, "12": 0.9617756207784017, "13": 0.8856721984015571, "14": 0.6231859842936198, "15": 0.7482097413804796, "16": 0.41147821214463975, "17": 0.4585522121853298, "18": 0.5278021918402778, "19": 0.4701381259494357}, "7": {"0": 0.3117519802517361, "1": 0.3994559817843967, "2": 0.4686697218153212, "3": 0.5583914862738715, "4": 0.6412929534912108, "5": 0.9712204721238878, "6": 0.9944716797934638, "7": 0.9850933962398105, "8": 0.9987627996338738, "9": 0.9995921956168281, "10": 0.9994926730791728, "11": 0.9969741953743829, "12": 0.9998371061351564, "13": 0.921897210015191, "14": 0.7539111667209202, "15": 0.5858704460991753, "16": 0.7656607521904839, "17": 0.31705220540364576, "18": NaN, "19": NaN}, "8": {"0": 0.3046836429172092, "1": 0.30597512986924913, "2": 0.3628688812255859, "3": 0.3917864905463324, "4": 0.994843644897143, "5": 0.9494069735209147, "6": 0.9780866305033366, "7": 0.998551321029663, "8": 0.9978955758942498, "9": 0.9986602783203125, "10": 0.9990124861399333, "11": 0.9997624867492252, "12": 0.9974716385205586, "13": 0.9775013075934516, "14": 0.977508807182312, "15": 0.8853872193230523, "16": 0.35428610907660585, "17": 0.8469981829325358, "18": 0.24960606892903647, "19": NaN}, "9": {"0": 0.2221747504340278, "1": 0.19382307264539933, "2": 0.28970493740505643, "3": 0.2921866522894965, "4": 0.9713065889146593, "5": 0.9850332842932807, "6": 0.9981615278455946, "7": 0.9941036754184299, "8": 0.9990433269076877, "9": 0.99951667520735, "10": 0.9998346830407778, "11": 0.9973377307256063, "12": 0.9992690768506792, "13": 0.9923144810729556, "14": 0.9341320514678955, "15": 0.23888897365993922, "16": NaN, "17": NaN, "18": NaN, "19": NaN}, "10": {"0": NaN, "1": 0.1621486239963107, "2": 0.12092683580186625, "3": 0.6207176208496094, "4": 0.9872904393408034, "5": 0.996483870016204, "6": 0.9960140546162923, "7": 0.9993113411797417, "8": 0.9981098055839539, "9": 0.9999547322591146, "10": 0.9997989151212904, "11": 0.9944614622328016, "12": 0.9998397111892701, "13": 0.9923943493101332, "14": 0.998636023203532, "15": NaN, "16": 0.9791974888907539, "17": NaN, "18": NaN, "19": NaN}, "11": {"0": NaN, "1": NaN, "2": 0.05777926974826386, "3": 0.8555433909098307, "4": 0.9181396166483561, "5": 0.9978336334228516, "6": 0.9898490932252672, "7": 0.999050153626336, "8": 0.9874429901440939, "9": 0.9983497990502251, "10": 0.9985205345683628, "11": 0.9806013809310066, "12": 0.9818229728274875, "13": 0.9954196982913547, "14": 0.9784138997395834, "15": NaN, "16": NaN, "17": NaN, "18": NaN, "19": NaN}, "12": {"0": NaN, "1": NaN, "2": NaN, "3": 0.9479764408535427, "4": 0.9222604115804036, "5": 0.9820888121922811, "6": 0.9546093781789143, "7": 0.9985945489671495, "8": 0.9972173174222311, "9": 0.9761769771575928, "10": 0.9998678863048553, "11": 0.997604054874844, "12": 0.9998419788148668, "13": 0.9178658803304036, "14": 0.9751754893196953, "15": 0.5034230550130208, "16": NaN, "17": 0.4163275824652778, "18": NaN, "19": NaN}, "13": {"0": NaN, "1": NaN, "2": NaN, "3": 0.965348646375868, "4": 0.9921813805898031, "5": 0.9784260855780708, "6": 0.9966860267851088, "7": 0.9966705163319906, "8": 0.9995642344156901, "9": 0.9419750319586859, "10": 0.9985388014051649, "11": 0.9896326859792074, "12": 0.997766436305311, "13": 0.9816805521647135, "14": 0.5618477715386285, "15": NaN, "16": NaN, "17": NaN, "18": NaN, "19": NaN}, "14": {"0": NaN, "1": NaN, "2": NaN, "3": NaN, "4": 0.9831512239244249, "5": 0.9797536081737942, "6": 0.9929969959788852, "7": 0.8527078098720975, "8": 0.8715092553032769, "9": 0.9689735492070516, "10": 0.9839877234564887, "11": 0.9967519654168023, "12": 0.9705657190746731, "13": 0.7577218373616537, "14": 0.5498958587646484, "15": NaN, "16": NaN, "17": NaN, "18": NaN, "19": NaN}, "15": {"0": NaN, "1": NaN, "2": NaN, "3": NaN, "4": NaN, "5": 0.9330763975779215, "6": 0.982907956176334, "7": 0.9125375164879693, "8": 0.8722842110527886, "9": 0.9909665399127536, "10": 0.9641060325834486, "11": 0.991107103559706, "12": 0.830650986565484, "13": NaN, "14": NaN, "15": NaN, "16": NaN, "17": NaN, "18": NaN, "19": NaN}, "16": {"0": NaN, "1": NaN, "2": NaN, "3": NaN, "4": NaN, "5": NaN, "6": NaN, "7": 0.6522433598836264, "8": 0.8876945283677843, "9": NaN, "10": 0.9369208441840278, "11": 0.8106510586208767, "12": NaN, "13": NaN, "14": NaN, "15": NaN, "16": NaN, "17": NaN, "18": NaN, "19": NaN}, "17": {"0": NaN, "1": NaN, "2": NaN, "3": NaN, "4": NaN, "5": NaN, "6": NaN, "7": NaN, "8": NaN, "9": NaN, "10": NaN, "11": NaN, "12": NaN, "13": NaN, "14": NaN, "15": NaN, "16": NaN, "17": NaN, "18": NaN, "19": NaN}, "18": {"0": NaN, "1": NaN, "2": NaN, "3": NaN, "4": NaN, "5": NaN, "6": NaN, "7": NaN, "8": NaN, "9": NaN, "10": NaN, "11": NaN, "12": NaN, "13": NaN, "14": NaN, "15": NaN, "16": NaN, "17": NaN, "18": NaN, "19": NaN}, "19": {"0": NaN, "1": NaN, "2": NaN, "3": NaN, "4": NaN, "5": NaN, "6": NaN, "7": NaN, "8": NaN, "9": NaN, "10": NaN, "11": NaN, "12": NaN, "13": NaN, "14": NaN, "15": NaN, "16": NaN, "17": NaN, "18": NaN, "19": NaN}}