{"0": {"0": 0.8379043896993001, "1": 0.885430908203125, "2": 0.8218984815809461, "3": NaN, "4": 0.9351591322157118, "5": NaN, "6": 0.9955399473508199, "7": 0.8886369599236382, "8": 0.3315865834554036, "9": 0.9767024543550279, "10": 0.9940753804312812, "11": 0.9922090027067396, "12": NaN, "13": 0.4907439761691623, "14": 0.7524052302042643, "15": 0.667866939968533, "16": 0.9304264280531142, "17": 0.9712677796681722, "18": NaN, "19": NaN}, "1": {"0": NaN, "1": 0.7637103822496202, "2": 0.8458051469590928, "3": 0.8458771811591255, "4": 0.9352106995052761, "5": 0.8610321150885688, "6": 0.9041219499376085, "7": NaN, "8": 0.9314959314134386, "9": 0.9335571553972032, "10": 0.9932918151219686, "11": 0.963762993282742, "12": 0.8891051398383246, "13": 0.7385210249159071, "14": 0.7446136474609375, "15": 0.9248693095313179, "16": 0.9082217322455512, "17": 0.9762352254655626, "18": NaN, "19": NaN}, "2": {"0": 0.7269123289320204, "1": 0.7314929326375326, "2": 0.7226552963256836, "3": 0.741822772555881, "4": NaN, "5": 0.9962388886345758, "6": 0.8928494559393989, "7": 0.8582416534423828, "8": 0.9994529803593953, "9": 0.9861505720350477, "10": 0.9932278944386377, "11": 0.9751277022891575, "12": 0.9478832668728299, "13": 0.89368011686537, "14": 0.9682232989205255, "15": 0.9704836474524604, "16": 0.986440102259318, "17": 0.6759706709120008, "18": 0.9416327264573839, "19": NaN}, "3": {"0": 0.6809903674655491, "1": 0.7018422444661458, "2": 0.5498782687717014, "3": 0.895475705464681, "4": 0.6148508707682292, "5": 0.8074018902248806, "6": 0.7435991711086697, "7": 0.790533553229438, "8": 0.9864832295311822, "9": 0.9961968296104007, "10": 0.9829921735657586, "11": 0.9274921205308703, "12": 0.957945728302002, "13": 0.9461435106065538, "14": 0.6475232866075304, "15": NaN, "16": 0.9354433589511447, "17": 0.6427757263183593, "18": 0.8705703523423937, "19": 0.8959856669108073}, "4": {"0": 0.6057069142659506, "1": 0.8649970054626465, "2": 0.9012009620666503, "3": 0.6582062191433377, "4": 0.8766721407572429, "5": 0.8672049204508463, "6": 0.9816737704806857, "7": 0.9215522130330404, "8": 0.8829527960883247, "9": 0.9867962373627557, "10": 0.9752944522433811, "11": 0.9528822263081869, "12": 0.9599034918679131, "13": 0.9855092472500271, "14": 0.9905577202637991, "15": 0.9233769204881456, "16": 0.9941146320766873, "17": 0.7495345009697808, "18": 0.8831982188754611, "19": 0.9776896900600858}, "5": {"0": 0.6964930216471354, "1": 0.7647995207044813, "2": 0.6861479441324869, "3": 0.7964042663574219, "4": 0.8496081034342448, "5": 0.9454158147176107, "6": 0.9148449156019423, "7": 0.9795110238922967, "8": 0.9828899542490641, "9": 0.9548051622178819, "10": 0.9903728405634562, "11": 0.939990038341946, "12": 0.8331256548563639, "13": 0.7410827000935872, "14": 0.9756473223368327, "15": 0.6960675557454428, "16": 0.8943698883056641, "17": 0.8942553096347385, "18": 0.8629816903008355, "19": 0.8899202664693197}, "6": {"0": 0.3460172865125868, "1": 0.7785451889038086, "2": 0.9896299680074055, "3": 0.88311857647366, "4": 0.8018143759833442, "5": 0.9917953491210938, "6": 0.9702659951315986, "7": 0.9764675431781344, "8": 0.9964384131961399, "9": 0.9955288781060113, "10": 0.9983530733320448, "11": 0.9751895056830512, "12": 0.9557061725192599, "13": 0.8692812283833822, "14": 0.7820949978298611, "15": 0.9679047054714627, "16": 0.9941861013571421, "17": 0.8268237325880262, "18": 0.9594554795159234, "19": 0.9941636641820272}, "7": {"0": 0.8585399839613173, "1": 0.9913437869813707, "2": 0.9942302730348375, "3": 0.9698960728115505, "4": 0.9809107542037964, "5": 0.9963477293650309, "6": 0.9551128917270236, "7": 0.9997898995876312, "8": 0.9726707723405627, "9": 0.9762142313851251, "10": 0.986153166823917, "11": 0.9805913991398282, "12": 0.9998659398820665, "13": 0.9888133684794108, "14": 0.9652698887719049, "15": 0.9420566929711236, "16": 0.9261539936065674, "17": 0.9823031240039402, "18": 0.9113070964813232, "19": 0.9999905539883508}, "8": {"0": 0.9581227514478895, "1": 0.935967148674859, "2": 0.9256553967793782, "3": 0.9957014312346776, "4": 0.9998466889063518, "5": 0.998933982849121, "6": 0.9998917394214206, "7": 0.9914085408051808, "8": 0.9917046844959259, "9": 0.9920170095231798, "10": 0.999877209133572, "11": 0.9994815601242913, "12": 0.9906153811348809, "13": 0.99468621412913, "14": 0.9224249892764621, "15": 0.9377045578426785, "16": 0.9686526536941529, "17": 0.9969193564520942, "18": 0.920936393737793, "19": 0.9653073310852051}, "9": {"0": 0.9632734298706055, "1": 0.9848831944995456, "2": 0.8766226662529839, "3": 0.9923633562193976, "4": 0.9642676512400309, "5": 0.9897863176133898, "6": 0.9974579446845584, "7": 0.9947816093762716, "8": 0.9954518182410135, "9": 0.9999499188529121, "10": 0.999782751666175, "11": 0.9994170837932163, "12": 0.9861278361744351, "13": 0.9967947244644165, "14": 0.9928661929236517, "15": 0.983722448348999, "16": 0.9715802510579427, "17": 0.9783986780378554, "18": 0.9876237101025052, "19": 0.9847999970118205}, "10": {"0": 0.983194006813897, "1": 0.12688496907552083, "2": 0.8671199586656358, "3": 0.959972784254286, "4": 0.9984935919443766, "5": 0.9825972742504544, "6": 0.9893709937731425, "7": 0.9954808215300243, "8": 0.9996438344319661, "9": 0.9999829139974382, "10": 0.9999367228812641, "11": 0.9942532870504591, "12": 0.9994991580645244, "13": 0.9947387427091599, "14": 0.9886797163221571, "15": 0.9840317911571926, "16": 0.9889788024955326, "17": 0.9323304282294379, "18": 0.9983664141760932, "19": 0.9981402503119574}, "11": {"0": 0.9036282433403863, "1": 0.9856811629401313, "2": 0.9770721011691623, "3": 0.966369522942437, "4": 0.9992983235253228, "5": 0.9245733631981744, "6": 0.9995986014604569, "7": 0.9899108674791124, "8": 0.9939351214302911, "9": 0.999342462586032, "10": 0.9989981068505182, "11": 0.9986114554935032, "12": 0.9972432110044691, "13": 0.984946091969808, "14": 0.976834053463406, "15": 0.9829321278466119, "16": 0.8782081180148654, "17": 0.9555759535895454, "18": 0.9465978940327963, "19": 0.9274298244052464}, "12": {"0": 0.9323674943712023, "1": 0.9474382612440321, "2": 0.9565347141689724, "3": 0.974913936191135, "4": 0.9665625360276964, "5": 0.9672927803463406, "6": 0.9927214754952325, "7": 0.9972613679038154, "8": 0.9975923326280381, "9": 0.9849043422275119, "10": 0.9982357978820801, "11": 0.9961378084288703, "12": 0.9747903770870633, "13": 0.9940142499075996, "14": 0.9921440389421251, "15": 0.9930743482377794, "16": 0.8492346021864149, "17": 0.9348063151041667, "18": 0.8983860015869141, "19": 0.7794692993164063}, "13": {"0": 0.3104220496283637, "1": 0.5187926398383247, "2": 0.837990771399604, "3": 0.9998863365915086, "4": 0.7719479242960612, "5": 0.8805940310160318, "6": 0.8965333726671006, "7": 0.9861444711685181, "8": 0.9884567260742188, "9": 0.9911800384521484, "10": 0.9963071280055575, "11": 0.9461377991570367, "12": 0.939439943101671, "13": 0.955150032043457, "14": 0.9866144524680244, "15": 0.9758070601357354, "16": 0.9537528726789687, "17": 0.9413418345981174, "18": 0.8655626402960883, "19": 0.8260337405734592}, "14": {"0": 0.7065641403198242, "1": 0.7448192384507921, "2": 0.8026517020331488, "3": 0.8529364373948839, "4": 0.98895882235633, "5": 0.8037272135416667, "6": 0.7303447723388672, "7": 0.973939847946167, "8": 0.9693131420347426, "9": 0.9982089572482639, "10": 0.99583494398329, "11": 0.9733938535054525, "12": 0.9512899080912272, "13": 0.9880647328164842, "14": 0.9899804313977559, "15": 0.8146241082085504, "16": 0.8175612767537435, "17": 0.8044414944118924, "18": 0.8394535064697266, "19": 0.6747354931301541}, "15": {"0": 0.716974597507053, "1": 0.7056387159559462, "2": 0.6494510226779513, "3": 0.8121177249484592, "4": 0.7619353188408746, "5": 0.9001614888509114, "6": 0.967421637641059, "7": 0.9491737789577908, "8": 0.9713576952616374, "9": 0.9966065327326457, "10": 0.994347808096144, "11": 0.9555281374189589, "12": 0.9304899003770616, "13": 0.9524460580613878, "14": 0.803203116522895, "15": 0.9209784613715277, "16": 0.8731535381740994,