{"0": {"0": NaN, "1": NaN, "2": NaN, "3": NaN, "4": NaN, "5": NaN, "6": NaN, "7": NaN, "8": NaN, "9": NaN, "10": NaN, "11": NaN, "12": NaN, "13": NaN, "14": NaN, "15": NaN, "16": NaN, "17": NaN, "18": NaN, "19": NaN}, "1": {"0": NaN, "1": NaN, "2": NaN, "3": NaN, "4": NaN, "5": NaN, "6": NaN, "7": NaN, "8": 0.1721867031521267, "9": NaN, "10": NaN, "11": NaN, "12": NaN, "13": NaN, "14": NaN, "15": NaN, "16": NaN, "17": NaN, "18": NaN, "19": NaN}, "2": {"0": NaN, "1": NaN, "2": NaN, "3": NaN, "4": NaN, "5": NaN, "6": 0.8198052300347223, "7": NaN, "8": 0.775107659233941, "9": 0.9314373228285048, "10": NaN, "11": 0.9874141772588094, "12": 0.9894819034470452, "13": 0.36622530619303384, "14": NaN, "15": NaN, "16": NaN, "17": NaN, "18": NaN, "19": NaN}, "3": {"0": NaN, "1": NaN, "2": NaN, "3": NaN, "4": 0.5783612145317925, "5": 0.8356870015462239, "6": 0.7923888312445746, "7": 0.9933398597770267, "8": 0.9707569122314453, "9": 0.9910404761632283, "10": 0.9123318884107802, "11": 0.9394050121307373, "12": 0.9255761994255913, "13": NaN, "14": NaN, "15": NaN, "16": NaN, "17": NaN, "18": NaN, "19": NaN}, "4": {"0": NaN, "1": NaN, "2": 0.251294453938802, "3": NaN, "4": 0.5945937262641059, "5": 0.9207716676923964, "6": 0.931460338168674, "7": 0.9930508156617482, "8": 0.9827387438880073, "9": 0.9872535930739509, "10": 0.9318653583526612, "11": 0.9540580749511719, "12": 0.9072392887539333, "13": 0.767790518866645, "14": 0.7814966201782226, "15": NaN, "16": NaN, "17": NaN, "18": NaN, "19": NaN}, "5": {"0": NaN, "1": 0.29091610378689237, "2": 0.38234710693359375, "3": 0.7285419676038953, "4": 0.7575186623467339, "5": 0.9637395249472724, "6": 0.9520850340525309, "7": 0.9974916868739658, "8": 0.9978534168667264, "9": 0.9909027602937487, "10": 0.989354748196072, "11": 0.9967704878913032, "12": 0.9989385181003146, "13": 0.9537862989637587, "14": 0.9872595098283555, "15": 0.9111086633470323, "16": NaN, "17": NaN, "18": NaN, "19": NaN}, "6": {"0": NaN, "1": 0.3349414825439453, "2": 0.7140612072414823, "3": 0.9683937655554877, "4": 0.9811432653003269, "5": 0.9969891097810534, "6": 0.9908318142096202, "7": 0.9704431030485365, "8": 0.9964711281988355, "9": 0.9877835326724582, "10": 0.9135406917995876, "11": 0.9926644007364909, "12": 0.9985428121354845, "13": 0.9847582777341207, "14": 0.9602279663085938, "15": 0.9868790679507785, "16": 0.8923040707906087, "17": 0.9610216882493761, "18": NaN, "19": NaN}, "7": {"0": NaN, "1": 0.2852263556586371, "2": 0.7357774946424696, "3": 0.9881465885374281, "4": 0.8961431291368273, "5": 0.9954500820901658, "6": 0.9669310728708903, "7": 0.9989369021521675, "8": 0.9977091295851601, "9": 0.9973521166377597, "10": 0.9969799250364304, "11": 0.995358509487576, "12": 0.9936725603209602, "13": 0.9972039580345153, "14": 0.9993608395258585, "15": 0.9987783935334947, "16": 0.9955445713467068, "17": 0.9984311315748426, "18": NaN, "19": NaN}, "8": {"0": NaN, "1": NaN, "2": 0.7324174880981444, "3": 0.8461873160468207, "4": 0.9774121575885348, "5": 0.9975436634487576, "6": 0.9981773310237461, "7": 0.9991095092561509, "8": 0.9948655737770928, "9": 0.997391759024726, "10": 0.998056087228987, "11": 0.9949800935056474, "12": 0.9930786463949416, "13": 0.998753500978152, "14": 0.9914492395189073, "15": 0.9890131804678175, "16": 0.7809789021809896, "17": 0.9011983235677083, "18": 0.9385387844509548, "19": NaN}, "9": {"0": 0.53759765625, "1": NaN, "2": 0.8281475279066297, "3": 0.8797318776448567, "4": 0.9875164031982422, "5": 0.9618989070256551, "6": 0.9942583905325996, "7": 0.9998815907372369, "8": 0.9999958094623353, "9": 0.99997009701199, "10": 0.9999351236555312, "11": 0.9985233214166429, "12": 0.9911140680313111, "13": 0.9994875563515557, "14": 0.9998507976531983, "15": 0.9632692442999946, "16": 0.8545233832465278, "17": 0.8570582071940104, "18": 0.8448893229166666, "19": NaN}, "10": {"0": NaN, "1": 0.4054782019721137, "2": 0.5491453806559244, "3": 0.7359470155504015, "4": 0.7756296793619791, "5": 0.8554981231689454, "6": 0.9989456269476149, "7": 0.9988281746705373, "8": 0.9989651812447442, "9": 0.9992754413021936, "10": 0.9996502418898874, "11": 0.9994378566741944, "12": 0.999508876270718, "13": 0.9976732191112306, "14": 0.9993829884462886, "15": 0.934535911348131, "16": 0.9144040213690864, "17": 0.7401577419704861, "18": 0.8731286472744412, "19": NaN}, "11": {"0": 0.49713253445095484, "1": 0.7251942104763455, "2": 0.7946413675944011, "3": 0.8597234514024522, "4": 0.9113219367133246, "5": 0.9079152425130208, "6": 0.9864819844563802, "7": 0.9934361139933269, "8": 0.9996236554450459, "9": 0.9999757657862371, "10": 0.9990481793880462, "11": 0.9982219874858856, "12": 0.9995743857489692, "13": 0.9938066323598226, "14": 0.9934818903605144, "15": 0.9887485133277045, "16": 0.985597801208496, "17": 0.6587670220269097, "18": 0.6801537407769097, "19": 0.7577651341756184}, "12": {"0": NaN, "1": 0.6497528076171875, "2": 0.7117536756727431, "3": 0.93585205078125, "4": 0.9790185292561849, "5": 0.9378091176350911, "6": 0.9747608582178752, "7": 0.9998894797431098, "8": 0.9981288274129232, "9": 0.9996426847245958, "10": 0.9999642266167534, "11": 0.9981965528594123, "12": 0.9834911757045322, "13": 0.9927429384655423, "14": 0.9998061603969998, "15": 0.9838938289218478, "16": 0.8541727383931478, "17": 0.5938876681857639, "18": 0.9725470119052463, "19": NaN}, "13": {"0": 0.8368641747368707, "1": 0.6727537367078993, "2": 0.792422612508138, "3": 0.8772126939561632, "4": 0.9546836853027344, "5": 0.9922675662570529, "6": 0.9895598411560058, "7": 0.9995867358313666, "8": 0.9983506874905692, "9": 0.994075886408488, "10": 0.9999699744913313, "11": 0.9979607211218939, "12": 0.9999215020073785, "13": 0.9979372766282824, "14": 0.9325940450032553, "15": 0.9863689846462673, "16": 0.9499550501505534, "17": 0.5062138875325521, "18": 0.541148206922743, "19": NaN}, "14": {"0": 0.6846135881212023, "1": 0.7954128689236111, "2": 0.6093958112928602, "3": 0.9171316358778212, "4": 0.9647961722479926, "5": 0.9935369491577148, "6": 0.9808533509572347, "7": 0.9976469808154635, "8": 0.9964412560065588, "9": 0.9962021933661567, "10": 0.995682250128852, "11": 0.9942335552639432, "12": 0.9399200863308377, "13": 0.9672761599222819, "14": 0.8309372795952691, "15": 0.6830126444498698, "16": 0.687814966837565, "17": NaN, "18": 0.5305470360649956, "19": NaN}, "15": {"0": NaN, "1": 0.7396942986382378, "2": 0.8805361005995008, "3": 0.9029620700412326, "4": 0.9731569078233507, "5": 0.9538174099392361, "6": 0.9476144048902724, "7": 0.9955213016933865, "8": 0.9921090443929036, "9": 0.9762793011135525, "10": 0.9848974333869086, "11": 0.9781707975599501, "12": 0.8601152314080133, "13": 0.9981579568650988, "14": 0.986829408009847, "15": 0.9768453492058649, "16": 0.8296018494500055, "17": 0.587170918782552, "18": NaN, "19": NaN}, "16": {"0": NaN, "1": 0.8745931413438586, "2": 0.9833541022406684, "3": 0.8282646603054471, "4": NaN, "5": 0.8482200622558593, "6": 0.9481056266360812, "7": 0.996875508626302, "8": 0.9855955070919461, "9": 0.9444344838460287, "10": 0.984777111477322, "11": 0.9543767505221896, "12": 0.9913783073425293, "13": 0.995770952436659, "14": 0.9389948950873481, "15": 0.6203933715820312, "16": 0.7959217283460829, "17": 0.6205924563937717, "18": NaN, "19": NaN}, "17": {"0": NaN, "1": NaN, "2": NaN, "3": 0.9979332817925347, "4": NaN, "5": 0.9513716379801432, "6": 0.8475465774536133, "7": 0.9919808069864909, "8": 0.9991182857089572, "9": 0.9987909105088976, "10": 0.9999379263983832, "11": 0.9860762278238933, "12": 0.9263989766438803, "13": 0.7497535069783529, "14": 0.9968488905164931, "15": 0.8407687928941514, "16": 0.31338344150119357, "17": NaN, "18": NaN, "19": NaN}, "18": {"0": NaN, "1": NaN, "2": NaN, "3": NaN, "4": 0.8606886545817057, "5": 0.961079470316569, "6": 0.8854419072469075, "7": 0.9806817478603786, "8": 0.9973361757066515, "9": 0.9988586637708876, "10": 0.9829824447631836, "11": 0.9738399081759983, "12": 0.9573673460218641, "13": 0.8778014289008247, "14": 0.9366572697957357,