{"count":1,"self":154.50150399999998,"total":162.4996912,"children":{"InitializeActuators":{"count":1,"self":0,"total":0,"children":null},"InitializeSensors":{"count":1,"self":0.0010000999999999999,"total":0.0010000999999999999,"children":null},"AgentSendState":{"count":15030,"self":0.1221669,"total":0.2313933,"children":{"CollectObservations":{"count":3030,"self":0.016040099999999998,"total":0.016040099999999998,"children":null},"WriteActionMask":{"count":3030,"self":0.0045369999999999994,"total":0.0045369999999999994,"children":null},"RequestDecision":{"count":3030,"self":0.025476799999999997,"total":0.0886493,"children":{"AgentInfo.ToProto":{"count":3030,"self":0.024549699999999997,"total":0.063172499999999993,"children":{"GenerateSensorData":{"count":3030,"self":0.0386228,"total":0.0386228,"children":null}}}}}}},"DecideAction":{"count":15030,"self":7.1106704,"total":7.1106704999999994,"children":null},"AgentAct":{"count":15030,"self":0.654168,"total":0.654168,"children":null}},"gauges":{},"metadata":{"timer_format_version":"0.1.0","start_time_seconds":"1698428350","unity_version":"2021.3.8f1","command_line_arguments":"C:\\Program Files\\Unity\\Hub\\Editor\\2021.3.8f1\\Editor\\Unity.exe -projectpath C:\\Users\\henri\\Documents\\GitHub\\Figur2 -useHub -hubIPC -cloudEnvironment production -licensingIpc LicenseClient-henri -hubSessionId 6cf8e1c8-77a0-4fcf-98b1-75f5c28dd422","communication_protocol_version":"1.5.0","com.unity.ml-agents_version":"2.0.1","scene_name":"SampleScene","end_time_seconds":"1698428513"}}