{"0": {"0": NaN, "1": NaN, "2": NaN, "3": NaN, "4": NaN, "5": NaN, "6": NaN, "7": NaN, "8": NaN, "9": NaN, "10": NaN, "11": NaN, "12": NaN, "13": NaN, "14": NaN, "15": NaN, "16": NaN, "17": NaN, "18": NaN, "19": NaN}, "1": {"0": NaN, "1": NaN, "2": NaN, "3": NaN, "4": NaN, "5": NaN, "6": NaN, "7": NaN, "8": NaN, "9": NaN, "10": NaN, "11": NaN, "12": NaN, "13": NaN, "14": NaN, "15": NaN, "16": NaN, "17": NaN, "18": NaN, "19": NaN}, "2": {"0": NaN, "1": NaN, "2": NaN, "3": NaN, "4": NaN, "5": NaN, "6": NaN, "7": NaN, "8": NaN, "9": NaN, "10": NaN, "11": NaN, "12": NaN, "13": NaN, "14": NaN, "15": NaN, "16": NaN, "17": NaN, "18": NaN, "19": NaN}, "3": {"0": NaN, "1": NaN, "2": NaN, "3": NaN, "4": NaN, "5": NaN, "6": NaN, "7": NaN, "8": NaN, "9": NaN, "10": 0.5303192986382379, "11": NaN, "12": NaN, "13": NaN, "14": NaN, "15": NaN, "16": NaN, "17": NaN, "18": NaN, "19": NaN}, "4": {"0": NaN, "1": NaN, "2": NaN, "3": NaN, "4": NaN, "5": NaN, "6": 0.8959757063123914, "7": NaN, "8": 0.8350148095024956, "9": 0.7931231180826823, "10": 0.6450693130493164, "11": 0.9978310734033584, "12": NaN, "13": NaN, "14": NaN, "15": NaN, "16": NaN, "17": NaN, "18": NaN, "19": NaN}, "5": {"0": NaN, "1": NaN, "2": NaN, "3": NaN, "4": NaN, "5": NaN, "6": NaN, "7": 0.9976067596011692, "8": 0.9539547072516548, "9": 0.9621418741014268, "10": 0.8777160962422689, "11": 0.9893726958168878, "12": 0.6979024251302084, "13": 0.6222281985812717, "14": NaN, "15": NaN, "16": NaN, "17": NaN, "18": NaN, "19": NaN}, "6": {"0": NaN, "1": NaN, "2": NaN, "3": NaN, "4": NaN, "5": NaN, "6": 0.9177859465281168, "7": 0.9987591650750902, "8": 0.9979052407874002, "9": 0.9938795281781091, "10": 0.9977741930219862, "11": 0.8292382664150661, "12": 0.9724685774909125, "13": 0.6638184017605251, "14": 0.32015236748589404, "15": NaN, "16": NaN, "17": NaN, "18": NaN, "19": NaN}, "7": {"0": NaN, "1": NaN, "2": NaN, "3": NaN, "4": NaN, "5": 0.9302378389570448, "6": 0.9910395383834839, "7": 0.999129425154792, "8": 0.9999444921811421, "9": 0.9978194183773464, "10": 0.9852629118495517, "11": 0.9905527538723415, "12": 0.9866562260521783, "13": 0.9979217317369249, "14": 0.5374111599392362, "15": 0.7988386789957682, "16": NaN, "17": NaN, "18": NaN, "19": NaN}, "8": {"0": NaN, "1": NaN, "2": NaN, "3": NaN, "4": NaN, "5": 0.9461001396179199, "6": 0.9714816941155328, "7": 0.9613535271750556, "8": 0.9940485384729173, "9": 0.9993267006344265, "10": 0.9996667597028944, "11": 0.9995233270857069, "12": 0.998632808526357, "13": 0.9882557815975613, "14": 0.8422082583109538, "15": NaN, "16": NaN, "17": NaN, "18": NaN, "19": NaN}, "9": {"0": NaN, "1": NaN, "2": NaN, "3": NaN, "4": 0.9285114076402452, "5": 0.8996104452345106, "6": 0.9558577431572808, "7": 0.988997158077028, "8": 0.9973912604980999, "9": 0.9999150589315428, "10": 0.9999694565931956, "11": 0.9997021516164144, "12": 0.9991770108540853, "13": 0.9922057999504937, "14": 0.9744540717866685, "15": 0.9950100289450752, "16": 0.9233218510945638, "17": NaN, "18": NaN, "19": NaN}, "10": {"0": NaN, "1": NaN, "2": NaN, "3": NaN, "4": 0.9769234710269504, "5": 0.9996519658300612, "6": 0.999916692574819, "7": 0.9976263840993246, "8": 0.9960948308308919, "9": 0.9999879625108506, "10": 0.9999254120720757, "11": 0.9995078007380168, "12": 0.9997383528285556, "13": 0.9882215870751275, "14": 0.9966532972123888, "15": 0.96765472624037, "16": 0.9953066905339559, "17": NaN, "18": NaN, "19": NaN}, "11": {"0": NaN, "1": NaN, "2": NaN, "3": NaN, "4": 0.9547441535525851, "5": 0.994049608707428, "6": 0.992389690876007, "7": 0.9734705607096354, "8": 0.9996427416801452, "9": 0.9981782449616327, "10": 0.9995604548189375, "11": 0.9976421647601658, "12": 0.997708386182785, "13": 0.9987983915540907, "14": 0.9992096371120877, "15": 0.9906398481792874, "16": NaN, "17": 0.9691853973600599, "18": NaN, "19": NaN}, "12": {"0": NaN, "1": NaN, "2": NaN, "3": NaN, "4": 0.9098606003655327, "5": 0.9208311822679308, "6": 0.9855687975883484, "7": 0.994610087076823, "8": 0.9996612548828125, "9": 0.998996353149414, "10": 0.9929220371776157, "11": 0.9998992919921875, "12": 0.9838123520215353, "13": 0.9973934915330674, "14": 0.9858026213116116, "15": 0.8746818542480469, "16": 0.9171472761366102, "17": NaN, "18": NaN, "19": NaN}, "13": {"0": NaN, "1": NaN, "2": NaN, "3": NaN, "4": NaN, "5": 0.8301870769924588, "6": 0.8329388300577799, "7": 0.9881603982713487, "8": 0.958033283551534, "9": 0.9853630781173706, "10": 0.9857363091574775, "11": 0.9972703576087951, "12": 0.9974512616793315, "13": 0.9934694819980198, "14": 0.8116204155815973, "15": 0.8136917961968316, "16": NaN, "17": NaN, "18": NaN, "19": NaN}, "14": {"0": NaN, "1": NaN, "2": NaN, "3": NaN, "4": NaN, "5": NaN, "6": NaN, "7": NaN, "8": 0.9325231393178304, "9": 0.631068589952257, "10": 0.884994994269477, "11": 0.9645743581983778, "12": 0.6224258422851563, "13": NaN, "14": NaN, "15": NaN, "16": NaN, "17": NaN, "18": NaN, "19": NaN}, "15": {"0": NaN, "1": NaN, "2": NaN, "3": NaN, "4": NaN, "5": NaN, "6": NaN, "7": NaN, "8": NaN, "9": 0.6206570943196614, "10": NaN, "11": NaN, "12": NaN, "13": NaN, "14": NaN, "15": NaN, "16": NaN, "17": NaN, "18": NaN, "19": NaN}, "16": {"0": NaN, "1": NaN, "2": NaN, "3": NaN, "4": NaN, "5": NaN, "6": NaN, "7": NaN, "8": NaN, "9": NaN, "10": NaN, "11": NaN, "12": NaN, "13": NaN, "14": NaN, "15": NaN, "16": NaN, "17": NaN, "18": NaN, "19": NaN}, "17": {"0": NaN, "1": NaN, "2": NaN, "3": NaN, "4": NaN, "5": NaN, "6": NaN, "7": NaN, "8": NaN, "9": NaN, "10": NaN, "11": NaN, "12": NaN, "13": NaN, "14": NaN, "15": NaN, "16": NaN, "17": NaN, "18": NaN, "19": NaN}, "18": {"0": NaN, "1": NaN, "2": NaN, "3": NaN, "4": NaN, "5": NaN, "6": NaN, "7": NaN, "8": NaN, "9": NaN, "10": NaN, "11": NaN, "12": NaN, "13": NaN, "14": NaN, "15": NaN, "16": NaN, "17": NaN, "18": NaN, "19": NaN}, "19": {"0": NaN, "1": NaN, "2": NaN, "3": NaN, "4": NaN, "5": NaN, "6": NaN, "7": NaN, "8": NaN, "9": NaN, "10": NaN, "11": NaN, "12": NaN, "13": NaN, "14": NaN, "15": NaN, "16": NaN, "17": NaN, "18": NaN, "19": NaN}}