{"0": {"0": 0.14427269829644096, "1": 0.847007942199707, "2": 0.05147357516818574, "3": 0.025375959608289866, "4": 0.9538941065470378, "5": 0.9441828833685981, "6": 0.7989862230088975, "7": 0.7207800547281901, "8": 0.7112458970811633, "9": 0.9989910549587674, "10": 0.5764857821994358, "11": 0.8716481526692708, "12": 0.8514984236823188, "13": 0.47546891106499567, "14": 0.9838474724027846, "15": NaN, "16": 0.8498902638753255, "17": 0.6697427961561415, "18": NaN, "19": 0.910954761505127}, "1": {"0": 0.8575851016574436, "1": 0.8861931165059408, "2": 0.9778955459594727, "3": 0.9847748385535346, "4": 0.9947700142860413, "5": 0.984900951385498, "6": 0.9065823025173612, "7": 0.9272342787848579, "8": 0.8083294974433051, "9": 0.8000797271728516, "10": 0.9066328366597494, "11": 0.9736001994874742, "12": 0.855999067094591, "13": 0.9004994922214085, "14": 0.9781972527503967, "15": 0.9336368136935764, "16": 0.9816398183504741, "17": 0.9975704511006673, "18": 0.7732481002807617, "19": NaN}, "2": {"0": 0.13620139227973083, "1": 0.9540386782752143, "2": 0.8554731792873806, "3": 0.9589321401384142, "4": 0.9579075919257269, "5": 0.9795808553695678, "6": 0.9149072647094727, "7": 0.9826603757010566, "8": 0.9917882627911038, "9": 0.788421376546224, "10": 0.8949709362453885, "11": 0.9893321103519863, "12": 0.9912754396597544, "13": 0.9708602322472466, "14": 0.9697141329447428, "15": 0.9379195266299778, "16": 0.9976574874586529, "17": 0.9896495997905731, "18": 0.9894650644726224, "19": 0.980436094601949}, "3": {"0": 0.9176265292697483, "1": 0.8792938232421875, "2": 0.9128058751424154, "3": 0.055163489447699665, "4": 0.7671727074517144, "5": 0.9345822016398112, "6": 0.9480945958031548, "7": 0.9699113686879476, "8": 0.9389822324117024, "9": 0.8704781320359971, "10": 0.970557435353597, "11": 0.8756540192498101, "12": 0.9213283962673611, "13": 0.9853191296259562, "14": 0.9757287343343098, "15": 0.9874194622039795, "16": 0.9693055152893066, "17": 0.9878590332137214, "18": 0.9846140093273587, "19": 0.9152758280436197}, "4": {"0": 0.8033365037706163, "1": 0.9788965331183539, "2": 0.9780211395687527, "3": 0.8901239395141601, "4": 0.9838076684210035, "5": 0.904886606004503, "6": 0.9299126466115316, "7": 0.9997368070814344, "8": 0.952388514412774, "9": 0.9947309970855713, "10": 0.9621706856621637, "11": 0.9386493735843234, "12": 0.9729967435201009, "13": 0.9974600513776143, "14": 0.9994364016585879, "15": 0.9713883135053847, "16": 0.9875748104519314, "17": 0.9885621812608507, "18": 0.9492584228515625, "19": 0.9584037621816}, "5": {"0": 0.8537688785129123, "1": 0.7693883472018772, "2": 0.9609937138027616, "3": 0.9647656440734863, "4": 0.9237248314751519, "5": 0.9721131351259019, "6": 0.9868507954809401, "7": 0.9831369929843479, "8": 0.9528369267781576, "9": 0.97610412173801, "10": 0.9663371404012044, "11": 0.9743501000934177, "12": 0.9884881920284695, "13": 0.9719017293718126, "14": 0.9810241354836358, "15": 0.9858962959713407, "16": 0.9924719777372148, "17": 0.9984545320272445, "18": 0.9797572427325778, "19": 0.9219477547539605}, "6": {"0": 0.8929413901435004, "1": 0.9965631220075819, "2": 0.9985604604085286, "3": 0.9773098760181003, "4": 0.9603973070780436, "5": 0.9805652803844875, "6": 0.9908401085270776, "7": 0.9849003911018371, "8": 0.9856128599908617, "9": 0.9988155312008328, "10": 0.9823722534709507, "11": 0.9478786892361111, "12": 0.9884957287046644, "13": 0.9870197508070204, "14": 0.9822002463870578, "15": 0.9858570588959588, "16": 0.9703700012630887, "17": 0.9567515055338541, "18": 0.997059875064426, "19": 0.9003289010789659}, "7": {"0": 0.9964195887247721, "1": 0.9854005734125774, "2": 0.9941543817520142, "3": 0.9841289944118924, "4": 0.9351880020565457, "5": 0.9881417486402724, "6": 0.9928840981589423, "7": 0.9952429304520289, "8": 0.9778647793663873, "9": 0.9940349148379432, "10": 0.9998595317204794, "11": 0.9973318510585361, "12": 0.9888161566522387, "13": 0.9984155244297451, "14": 0.9784748183356391, "15": 0.9662186781565348, "16": 0.9945289770762126, "17": 0.9534522692362467, "18": 0.9470563464694552, "19": 0.9025687747531467}, "8": {"0": 0.870891973707411, "1": 0.9792541450924344, "2": 0.9685114701588948, "3": 0.9770059161716037, "4": 0.9497559441460504, "5": 0.9841717825995551, "6": 0.9926445802052816, "7": 0.9747100035349529, "8": 0.9882033281856113, "9": 0.9930233399073283, "10": 0.9940210474861992, "11": 0.9863077799479166, "12": 0.9997994893127018, "13": 0.9781892802980211, "14": 0.9911618563863966, "15": 0.9882431613074408, "16": 0.9500569608476427, "17": 0.8095010121663411, "18": 0.8689609103732638, "19": 0.9932886203130086}, "9": {"0": 0.8469482421875, "1": 0.9968523846732246, "2": 0.9753369331359864, "3": 0.9734902381896973, "4": 0.9800995243920221, "5": 0.9978199905819363, "6": 0.9770942052205404, "7": 0.9967955662144555, "8": 0.9990604135725233, "9": 0.9997272067599826, "10": 0.9997270100646549, "11": 0.9905792746278975, "12": 0.9817169189453125, "13": 0.9877491341696845, "14": 0.9396708276536729, "15": 0.9790778689914279, "16": 0.9520958264668783, "17": 0.8983150376213922, "18": 0.9935873442225986, "19": 0.9348357147640652}, "10": {"0": 0.9747705803977118, "1": 0.8385019938151042, "2": 0.953343391418457, "3": 0.08032480875651038, "4": 0.9934730079438951, "5": 0.9983480294545491, "6": 0.9964423444535997, "7": 0.9982819765806198, "8": 0.9999660571416219, "9": 0.9998432762093015, "10": 0.9999079704284668, "11": 0.9999710083007812, "12": 0.9996725247965919, "13": 0.9993881781895956, "14": 0.949634673860338, "15": 0.9597577889760335, "16": 0.9990659342871772, "17": 0.9243330584632026, "18": 0.9140077590942383, "19": 0.8568351321750217}, "11": {"0": 0.8856594721476236, "1": 0.7904221852620443, "2": 0.9989126443862915, "3": 0.9803889195124308, "4": 0.9839284261067708, "5": 0.9851289537217882, "6": 0.9869356632232666, "7": 0.996373356713189, "8": 0.9922734657923381, "9": 0.9961243629455566, "10": 0.9943499671088325, "11": 0.9989697933197021, "12": 0.9988745083411534, "13": 0.998032522201538, "14": 0.9989214340845743, "15": 0.9748489803738064, "16": 0.9911974337365892, "17": 0.9814430766635471, "18": NaN, "19": 0.9100543022155761}, "12": {"0": 0.9946575138303969, "1": 0.6292762756347656, "2": 0.9750641028086344, "3": 0.9093022240532769, "4": 0.9823507481151157, "5": 0.9659472227096557, "6": 0.910745260450575, "7": 0.9941903114318847, "8": 0.9864933914608426, "9": 0.9987006591426002, "10": 0.9877351337009006, "11": 0.9941194110446506, "12": 0.9993890788820055, "13": 0.8986815982394748, "14": 0.9961792310078939, "15": 0.9999867015414767, "16": 0.9911617279052735, "17": 0.9592200226253933, "18": 0.9111244519551595, "19": 0.7323564741346571}, "13": {"0": 0.5759250217013889, "1": 0.954958889219496, "2": 0.9769911236233182, "3": 0.9247308042314317, "4": 0.9518126487731934, "5": 0.9198153919643826, "6": 0.9601318120956421, "7": 0.9909001191457113, "8": 0.9784760925504896, "9": 0.9825802617602878, "10": 0.9936606738302443, "11": 0.9444545957777235, "12": 0.9683176888359918, "13": 0.9974665376875136, "14": 0.9388328340318468, "15": 0.9303618643018934, "16": 0.9561571227179633, "17": 0.919898329840766, "18": 0.8467034127977159, "19": 0.9305798424614801}, "14": {"0": 0.6599923875596788, "1": 0.9881972339418199, "2": 0.9254574457804362, "3": 0.9046480602688259, "4": 0.9006204817030165, "5": 0.922793526119656, "6": 0.9423495928446451, "7": 0.89730560514662, "8": 0.9835725506146749, "9": 0.9445468001895481, "10": 0.97344085905287, "11": 0.8228785090976292, "12": 0.9221346378326416, "13": 0.9790213690863715, "14": 0.9388891802893744, "15": 0.8626238611009386, "16": 0.9500013616349962, "17": 0.8266951455010308, "18": 0.9416538503434922, "19": 0.9735304938422309}, "15": {"0": 0.9294806162516276, "1": 0.9364211188422309, "2": 0.9346807797749838, "3": 0.9072620497809516, "4": 0.9614910629060534, "5": 0.9824751853942871, "6": 0.9861384391784668, "7": 0.911367580625746, "8": 0.9826265745692783, "9": 0.9900614658991496, "10": 0.9864557001325819, "11": 0.9616984473334418,