{
    "algorithms": [
        "RandomSearchMutPolyBounded"
    ],
    "batch_size": 20,
    "current": "RandomSearchMutPolyBounded",
    "current_idx": 0,
    "current_iter": 50,
    "name": "algoQD",
    "nb_evaluations": 1000,
    "nb_evaluations_in_iteration": 0,
    "nb_max_iter": 50,
    "nb_suggestions": 1000,
    "nb_suggestions_in_iteration": 0,
    "nb_updated": 19,
    "nb_updated_in_iteration": 0,
    "tell_container_when_switching": "only_best",
    "budget": 1000,
    "container": "Grid([Individual([0.49574806247994774, 0.5240079855447678, 0.4362156950825492, 0.5419499181018553, 0.26839553804922534, 0.878400440165111, 0.8307310188906034, 0.049141797911360974, 0.8631493901305102, 0.243863439190956, 0.46470846660323173, 0.6103317042305206, 0.37898930412826404, 0.02869999777008958, 0.8509528363124591, 0.1818398571576918, 0.212119850179739, 0.8364886878844421, 0.34033884316428364, 0.8803199797582254, 0.7011837503322016, 0.3043295643651468, 0.013691345233596386, 0.9616648619109276, 0.08561296195802126, 0.7200746641041943, 0.6134294615922496, 0.6343783596868878, 0.690609339446523, 0.6459028997409523, 0.49082133507858616, 0.7929328681323174, 0.10305984853497496, 0.22159640047253015, 0.6917871552952018, 0.3062060301300884, 0.45837417856102003, 0.47326048875952476, 0.5309219311457678, 0.4206995693339489, 0.7459354367136096, 0.3071241638574619, 0.7421983476131641, 0.27091642697619633, 0.2514036762009415, 0.12065588475230582, 0.19092438852179217, 0.11955474125505283]), Individual([0.10563877719815495, 0.8847578666124036, 0.9602394002163602, 0.7617531317190264, 0.31777509676147, 0.5356270487048357, 0.3921733664356113, 0.8590565875468102, 0.49483321425935756, 0.4639139420262234, 0.8261384362321371, 0.44945592550164304, 0.9239105572800479, 0.17762662768404447, 0.28840781005723304, 0.5326657059033684, 0.3340548482755936, 0.4640214864625827, 0.17227066817396708, 0.9072808854156962, 0.38335342392442984, 0.6531042413271956, 0.9742473916580496, 0.4102938040262084, 0.6364168750423267, 0.6188759671464011, 0.13857204176266535, 0.6199202947568986, 0.9989098838009373, 0.5995681700899057, 0.7321479947028701, 0.945489019325626, 0.325020310355816, 0.24994075422330841, 0.5693061472884947, 0.4719135439720977, 0.09096644037847279, 0.3702959121966325, 0.7429653748969925, 0.8835124804815639, 0.6541160448591364, 0.5520573594520647, 0.8634382724242774, 0.8503090136737135, 0.16137927366620963, 0.36906432154074387, 0.8746501970240125, 0.17521099352962433]), Individual([0.04676578164277445, 0.7913710204742307, 0.9999604441112865, 0.7683353842300058, 0.35680805667944093, 0.48242396731354953, 0.4153382840104345, 0.8590565875468102, 0.5189941429167968, 0.3850230719405121, 0.9177330969092786, 0.575317486787672, 0.9871238098059586, 0.1843364254849107, 0.28840781005723304, 0.5081281828642208, 0.3068019599537626, 0.4640214864625827, 0.46026458501660483, 0.9072808854156962, 0.4968025622877156, 0.6384401132225107, 0.886119075650195, 0.37809761294351807, 0.768284893302278, 0.710361956411534, 0.11198791185931178, 0.5701255920510909, 0.9839637266230545, 0.6060384405895907, 0.7528494666459629, 0.945489019325626, 0.3083184866560862, 0.27053330747052773, 0.5693061472884947, 0.4634737253228225, 0.12073636269598165, 0.3157143934807396, 0.7128773323317524, 0.8835124804815639, 0.6541160448591364, 0.5776766378269635, 0.7484556532701697, 0.8559014143786373, 0.2087760019437317, 0.34302747272268397, 0.8541791914699556, 0.17521099352962433]), Individual([0.10563877719815495, 0.8847578666124036, 0.9602394002163602, 0.7617531317190264, 0.31777509676147, 0.5356270487048357, 0.3921733664356113, 0.8590565875468102, 0.49483321425935756, 0.4977163848209627, 0.8261384362321371, 0.25593669530524255, 0.9239105572800479, 0.15901896924043246, 0.28840781005723304, 0.5326657059033684, 0.3340548482755936, 0.45289006731900483, 0.14106179604905644, 0.9263566841526191, 0.4111920580960582, 0.7460874616665132, 0.9742473916580496, 0.3954795509222714, 0.6364168750423267, 0.6188759671464011, 0.13857204176266535, 0.6199202947568986, 0.9989098838009373, 0.5995681700899057, 0.7321479947028701, 0.945489019325626, 0.37507626419705886, 0.23058021533360762, 0.5693061472884947, 0.34432100477909455, 0.09096644037847279, 0.3702959121966325, 0.7195157706421594, 0.8835124804815639, 0.6541160448591364, 0.5520573594520647, 0.8388107202833492, 0.8744858745760314, 0.16169506564292613, 0.36906432154074387, 0.8746501970240125, 0.20252552375043154])])",
    "deepcopy_on_selection": true,
    "dimension": 48,
    "eta": 20.0,
    "ind_domain": [
        0.0,
        1.0
    ],
    "init_pb": 0.1,
    "mut_pb": 0.4,
    "optimisation_task": "maximisation",
    "sel_pb": 0.9,
    "evals": "    alg_name  iteration  cont_size      max0    elapsed\n0     algoQD          0          1  0.998735  10.281780\n1     algoQD          0          2  0.998735  10.009812\n2     algoQD          0          2  0.998735  10.009776\n3     algoQD          0          2  0.998735  10.009673\n4     algoQD          0          3  0.998735  10.009838\n..       ...        ...        ...       ...        ...\n995   algoQD         49          4  0.999976  10.009480\n996   algoQD         49          4  0.999976  10.009478\n997   algoQD         49          4  0.999976  10.009668\n998   algoQD         49          4  0.999976  10.009511\n999   algoQD         49          4  0.999976  10.008093\n\n[1000 rows x 5 columns]",