{"0": {"0": 0.8376866658528646, "1": 0.8574615478515625, "2": 0.5343156178792318, "3": 0.576999282836914, "4": NaN, "5": 0.7066550148857964, "6": 0.9861082328690423, "7": 0.9744951036241319, "8": 0.8894760767618815, "9": 0.9961558726098803, "10": 0.9377044041951498, "11": 0.9958028925789727, "12": 0.9704155921936035, "13": 0.9189836661020915, "14": 0.9664815425872803, "15": 0.9899554305606418, "16": 0.6252780490451388, "17": 0.9604058345158895, "18": 0.9359387927585178, "19": NaN}, "1": {"0": NaN, "1": 0.980595490667555, "2": 0.8366771062215169, "3": 0.8708378897772895, "4": 0.8696661207411024, "5": 0.9197768211364746, "6": 0.8054121441311306, "7": 0.9577053334977892, "8": 0.9755687607659234, "9": 0.9950792895423042, "10": 0.9694666491614448, "11": 0.8890210999382867, "12": 0.9358557224273681, "13": 0.8502454545762803, "14": 0.8727056715223525, "15": 0.9956752406226264, "16": 0.9960789680480957, "17": 0.9882046752505832, "18": 0.9407849735683865, "19": 0.6362232208251952}, "2": {"0": NaN, "1": NaN, "2": 0.8829095204671223, "3": 0.91239013671875, "4": 0.9547944492763943, "5": 0.9946964806980557, "6": 0.982956420050727, "7": 0.969342041015625, "8": 0.9888898571332295, "9": 0.882656659020318, "10": 0.9218065367804633, "11": 0.9099445343017578, "12": 0.9746932241651747, "13": 0.9078104231092665, "14": 0.703252665201823, "15": 0.9054340256585015, "16": 0.9713067425621881, "17": 0.9907361454433865, "18": 0.9276156849331326, "19": NaN}, "3": {"0": 0.9180701414744059, "1": 0.8571114646063911, "2": 0.9529153135087755, "3": 0.8138428582085504, "4": 0.9674723095364041, "5": 0.9551877233717176, "6": 0.99340271419949, "7": 0.9529117531246609, "8": 0.9364065382215712, "9": 0.9810901390181648, "10": 0.9018174489339192, "11": 0.9701802995469835, "12": 0.9190886179606119, "13": 0.9845289680692885, "14": 0.861570061577691, "15": 0.9639427635404799, "16": 0.9316081470913358, "17": 0.9107125812106662, "18": 0.9427919228871663, "19": 0.9491974088880751}, "4": {"0": 0.981145273314582, "1": 0.9537550820244683, "2": 0.9979260656568739, "3": 0.9906815760665469, "4": 0.9937761214044359, "5": 0.9879336052470737, "6": 0.9780462119314406, "7": 0.9606341309017605, "8": 0.9927291644944085, "9": 0.9879185875256856, "10": 0.9872223059336345, "11": 0.9848713980780708, "12": 0.9740074157714844, "13": 0.90443909962972, "14": 0.9390862305959066, "15": 0.9053138097127279, "16": 0.9983611795637343, "17": 0.9881334887610541, "18": 0.9674858729044596, "19": 0.911338562435574}, "5": {"0": 0.9808311065038046, "1": 0.9740929285685221, "2": 0.9932676818635728, "3": 0.9744012726677789, "4": 0.9685761504703098, "5": 0.9807481129964193, "6": 0.9861990743213229, "7": 0.8813189824422201, "8": 0.8690650092230903, "9": 0.9843050373925103, "10": 0.9740667210684882, "11": 0.9850734922620985, "12": 0.9863439361254375, "13": 0.9235199292500814, "14": 0.998359023200141, "15": 0.9908091876241896, "16": 0.9946699963675605, "17": 0.9572295665740966, "18": 0.9316564136081271, "19": 0.8958295186360677}, "6": {"0": 0.9077224731445312, "1": 0.9800839900970459, "2": 0.9613450580173069, "3": 0.9165067884657118, "4": 0.9737409247292412, "5": 0.9980672505166795, "6": 0.9441384845309787, "7": 0.9905072583092583, "8": 0.9824005126953125, "9": 0.9658465915256076, "10": 0.9990357902314928, "11": 0.9965517620245615, "12": 0.9934203094906278, "13": 0.9971575525071886, "14": 0.9799828582339817, "15": 0.9666451136271159, "16": 0.9271994590759277, "17": 0.9508390797509088, "18": 0.9639763938056098, "19": 0.961603225602044}, "7": {"0": 0.9254849539862738, "1": 0.937374496459961, "2": 0.9800217058923509, "3": 0.9884335862265693, "4": 0.9959367990493775, "5": 0.9864412930276659, "6": 0.9700099468231201, "7": 0.9873782687717014, "8": 0.992683720588684, "9": 0.9893102010091146, "10": 0.9978299895922343, "11": 0.9908552752600776, "12": 0.9841127647293939, "13": 0.989514770772722, "14": 0.992579870753818, "15": 0.9731820000542535, "16": 0.9902172936333551, "17": 0.9888708485497368, "18": 0.9681563907199435, "19": 0.9453169769710965}, "8": {"0": 0.8630052460564508, "1": 0.7945386886596679, "2": 0.8809736781650119, "3": 0.9201208750406901, "4": 0.9800169203016493, "5": 0.9996426913473341, "6": 0.9984633843104045, "7": 0.9981656498379178, "8": 0.995912578370836, "9": 0.9988924132453071, "10": 0.999364725748698, "11": 0.9934472719828288, "12": 0.984090699089898, "13": 0.9995498657226562, "14": 0.9938532564375135, "15": 0.9253702587551541, "16": 0.9606841617160373, "17": 0.9964826795789931, "18": 0.990484619140625, "19": 0.9859604623582628}, "9": {"0": 0.9189327716827392, "1": 0.8374070167541504, "2": 0.9537992106543647, "3": 0.9652661959330241, "4": 0.9768371211157905, "5": 0.9565469741821289, "6": 0.9839682685004341, "7": 0.9954194704691569, "8": 0.995687214533488, "9": 0.9999726805422041, "10": 0.9998991635110643, "11": 0.985115114847819, "12": 0.9913866096072727, "13": 0.9945475406116909, "14": 0.9866090562608507, "15": 0.9999641272756788, "16": 0.9444707234700521, "17": 0.8968765258789062, "18": 0.9656434800889757, "19": 0.9867794884575738}, "10": {"0": 0.9239706516265869, "1": 0.9877487129635281, "2": 0.9837558322482639, "3": 0.9920336597495609, "4": 0.9924057006835938, "5": 0.9866028110186259, "6": 0.9863029877344768, "7": 0.9974586062961155, "8": 0.9935105562210083, "9": 0.9997264115760723, "10": 0.9994529743989309, "11": 0.9959737035963271, "12": 0.9990886767705282, "13": 0.9970054911242591, "14": 0.9939677503373888, "15": 0.9474946816762289, "16": 0.9150132921006945, "17": 0.9419426335228814, "18": 0.9348012606302897, "19": 0.8007490370008681}, "11": {"0": 0.6125859154595269, "1": 0.9910649644003974, "2": 0.9952887627813551, "3": 0.9973200851016575, "4": 0.9982571562131246, "5": 0.9955886337492201, "6": 0.9876064671410455, "7": 0.979239739312066, "8": 0.9969394207000732, "9": 0.9903763108783298, "10": 0.9955718994140625, "11": 0.9927541706297133, "12": 0.9782335970136854, "13": 0.9995138499471876, "14": 0.9939419441752964, "15": 0.9664460950427585, "16": 0.9851507160398695, "17": 0.9947301708989673, "18": 0.955204905403985, "19": 0.9732203642527263}, "12": {"0": 0.9885883013407389, "1": 0.985930864016215, "2": 0.9802042537265354, "3": 0.9882230136129592, "4": 0.9890758037567139, "5": 0.9554896036783854, "6": 0.9617157565222846, "7": 0.9726701312594943, "8": 0.9888450092739529, "9": 0.9892821841769748, "10": 0.9976096245977614, "11": 0.972526831097073, "12": 0.9792416983180576, "13": 0.9953388820091883, "14": 0.8972596698337131, "15": 0.9454039838578966, "16": 0.9754696316189236, "17": 0.9953044679429796, "18": 0.966550177998013, "19": 0.904934745364719}, "13": {"0": 0.6672991222805447, "1": 0.8724349445766872, "2": 0.9401769267188178, "3": 0.9171033647325304, "4": 0.8649760988023546, "5": 0.8843428823682997, "6": 0.9704593976338705, "7": 0.982845221625434, "8": 0.9981257915496826, "9": 0.9812201605902777, "10": 0.9824153794182672, "11": 0.9723315583335028, "12": 0.9846689409679836, "13": 0.9622140910890368, "14": 0.9973603990342882, "15": 0.9977211001846525, "16": 0.8833553738064236, "17": 0.9134250217013888, "18": 0.895738050672743, "19": 0.9312388102213541}, "14": {"0": NaN, "1": 0.57664917839898, "2": 0.8478510750664605, "3": 0.9813781155480279, "4": 0.8023055394490559, "5": 0.9524126158820259, "6": 0.9097715801662869, "7": 0.9997634437349108, "8": 0.9912805808915033, "9": 0.9679629564285278, "10": 0.9604860093858507, "11": 0.986882648203108, "12": 0.9846314112345378, "13": 0.9936985121832953, "14": 0.9879782464769151, "15": 0.8043129391140408, "16": 0.7839952256944445, "17": 0.7950366973876953, "18": 0.8536129421657986, "19": 0.865918223063151}, "15": {"0": 0.8698630226982964, "1": 0.9960130668348737, "2": 0.8816420978969998, "3": 0.8340280638800727, "4": 0.886538569132487, "5": 0.9147847705417209, "6": 0.994120921028985, "7": 0.9765911049313015, "8": 0.9910209351115756, "9": 0.9523973835839166, "10": 0.9906464205847846, "11": 0.9707685788472493, "12": 0.9853317923016018, "13": 0.9722027063369751,