{
    "algorithms": [
        "RandomSearchMutPolyBounded"
    ],
    "batch_size": 50,
    "current": "RandomSearchMutPolyBounded",
    "current_idx": 0,
    "current_iter": 200,
    "name": "algoQD",
    "nb_evaluations": 10000,
    "nb_evaluations_in_iteration": 0,
    "nb_max_iter": 200,
    "nb_suggestions": 10000,
    "nb_suggestions_in_iteration": 0,
    "nb_updated": 46,
    "nb_updated_in_iteration": 0,
    "tell_container_when_switching": "only_best",
    "budget": 10000,
    "container": "Grid([Individual([0.932726379139847, 0.9503499790230061, 0.7662466612598664, -0.6346204539352633, 0.21041172235600802, -0.256167148480718, 0.4348669782043584, -0.5616822240375423, -0.48519574595520876, -0.32317427468046533, 0.42841525598289687, -0.3706933960310239, 0.9604609928868593, 0.17561357030059788, -0.44843348678998995, 0.7419817980539616, -0.8938395934612291, 0.6727665968392424, -0.49934424189644067, 0.31036576707628694, -0.21178226308862436, 0.4454366181091387, -0.8193265786392236, 0.20739508452695254, 0.35749168318923497, 0.6127852181880082, -0.4750110890126702, -0.9997421518790544, 0.21580790353568569, 0.6842766800155611, 0.038083180529351335, 0.8040486060142089, -0.5149195444236843, 0.08258670100814447, 0.5165799958073753, 0.7644421940137143, 0.06930065426494258, -0.6643915095186519, -0.08594243241608734, -0.9381168054088949, -0.30817349904886204, 0.9010164011099968, -0.7683598501071598, 0.569999310992741, 0.3468402420813881, 0.3254462669130571, -0.8613508912017855, -0.5680487336831195]), Individual([0.25279104996415347, 0.20128392509860138, -0.30348161716237443, 0.0193264321832598, -0.9578147626702189, 0.4416357198765599, -0.1644504377143361, 0.34173923376354387, -0.9985931923181688, -0.618811991871286, -0.3125511684200961, 0.023614901580438552, 0.2838612516542076, 0.20851145065436683, -0.509111977734781, 0.05633667806444631, 0.7336178343094919, 0.0460436407646474, -0.2904604760560232, -0.7766698734612627, 0.7761014862183622, 0.324055833302465, 0.8962992518213218, -0.27630136241198566, -0.23387010801094, -0.06908305713927154, -0.4718409213793888, 0.31564063668188824, -0.18410108025571637, 0.8319976404475262, 0.996546975482713, 0.2578824988652062, 0.7018093309431661, -0.6222096184505235, -0.5010839475080848, 0.9261828224807584, -0.23301338980631092, -0.029093083425697275, 0.4702513145277565, 0.7890192988729539, -0.9371410928048611, -0.9980299929710832, 0.2717130844284632, 0.7855498799054232, -0.8302655959849643, 0.468974878111748, 0.3935380779462776, 0.517903829094216]), Individual([0.5645179668771807, -0.3281834350408117, 0.42151630772529347, -0.3930599212456156, 0.056244822307524034, 0.15208390637084146, 0.481980869722447, -0.7055507979522426, 0.6037565357559009, -0.1559457154958912, 0.054266007770609415, -0.30498433056890284, -0.6970953365103707, 0.3769495372735665, 0.46211006918388, -0.7522842644420087, 0.23439712454696138, -0.4317760133821973, 0.978420989535498, -0.30570663019388244, 0.5687750463850956, 0.7464202106160513, -0.7345573369117531, -0.5174859405260508, 0.13691235650835765, -0.18136578094454703, -0.7410121803962437, 0.5907273848254961, -0.23951478994211128, -0.8490995893746454, 0.07944842454211898, -0.06115288392966467, -0.2561562005362754, -0.9272407619526395, 0.20787371393075005, -0.8196262831911088, -0.4000584513986467, -0.9714647813077191, -0.9345519053986355, -0.3029618884381553, 0.8039770653522296, 0.4478984418565213, 0.6195156111938753, -0.939616073765406, 0.6516928675018248, 0.13339598242226258, 0.3821145952622538, -0.15737872315934243]), Individual([0.5645179668771807, -0.2838548236382703, 0.34529387782031096, -0.3930599212456156, 0.056244822307524034, 0.15208390637084146, 0.481980869722447, -0.8588629813840849, 0.6037565357559009, -0.25427174060762825, 0.494125136916693, -0.30498433056890284, -0.6600455346164393, 0.3259026155504172, 0.07062860891516598, -0.7522842644420087, 0.23439712454696138, -0.5256985731770534, 0.978420989535498, -0.30570663019388244, 0.5687750463850956, 0.8003831589905577, -0.6608578161951033, -0.5194716604063967, 0.05982522577350835, -0.18136578094454703, -0.7410121803962437, 0.5907273848254961, -0.23951478994211128, -0.8490995893746454, 0.10205341645003663, -0.06115288392966467, -0.2241510651168901, -0.910722998267991, 0.45280372141854697, -0.61239038659357, -0.4000584513986467, -0.9977718892344296, -0.9345519053986355, -0.3029618884381553, 0.8039770653522296, 0.299508491949954, 0.6338096987851178, -0.939616073765406, 0.5791783503409695, 0.13339598242226258, 0.4440341512671415, -0.15737872315934243])])",
    "deepcopy_on_selection": true,
    "dimension": 48,
    "eta": 20.0,
    "ind_domain": [
        -1.0,
        1.0
    ],
    "init_pb": 0.5,
    "mut_pb": 0.2,
    "optimisation_task": "maximisation",
    "sel_pb": 0.5,
    "evals": "     alg_name  iteration  cont_size      max0    elapsed\n0      algoQD          0          1  0.960273  10.234691\n1      algoQD          0          2  0.960273  10.010011\n2      algoQD          0          2  0.960273  10.010105\n3      algoQD          0          2  0.960273  10.010020\n4      algoQD          0          3  0.960273  10.010050\n...       ...        ...        ...       ...        ...\n9995   algoQD        199          4  0.999993  10.009848\n9996   algoQD        199          4  0.999993  10.009926\n9997   algoQD        199          4  0.999993  10.009838\n9998   algoQD        199          4  0.999993  10.009838\n9999   algoQD        199          4  0.999993  10.009083\n\n[10000 rows x 5 columns]",
    "iterations": "    alg_name iteration cont_size evals nb_updated  ...       max             ft_min           ft_max qd_score elapsed\n0     algoQD         0     4/100    50         16  ...  [0.9868]  [-0.1671,-0.7181]  [0.9447,1.0337]     3.93  991.23\n1     algoQD         1     4/100    50          5  ...   [0.996]  [-0.1364,-0.0512]  [0.5455,0.6787]     3.98  500.50\n2     algoQD         2     4/100    50          3  ...  [0.9969]  [-0.1364,-0.5456]  [1.7929,0.9926]     3.99  500.51\n3     algoQD         3     4/100    50          3  ...  [0.9987]  [-0.2737,-0.0937]  [0.1856,0.1376]     3.99  500.51\n4     algoQD         4     4/100    50          1  ...  [0.9992]  [-0.2737,-0.0937]  [0.2446,0.6269]     3.99  500.51\n..       ...       ...       ...   ...        ...  ...       ...                ...              ...      ...     ...\n195   algoQD       195     4/100    50          0  ...      [1.]  [-0.4810,-0.2954]  [0.1543,0.4264]     4.00  500.51\n196   algoQD       196     4/100    50          0  ...      [1.]  [-0.4810,-0.2954]  [0.1543,0.4264]     4.00  500.51\n197   algoQD       197     4/100    50          0  ...      [1.]  [-0.4810,-0.2954]  [0.1543,0.4264]     4.00  500.51\n198   algoQD       198     4/100    50          0  ...      [1.]  [-0.4810,-0.2954]  [0.1543,0.4264]     4.00  500.51\n199   algoQD       199     4/100    50          0  ...      [1.]  [-0.4810,-0.2954]  [0.1543,0.4264]     4.00   10.01\n\n[200 rows x 13 columns]",
    "config": {
        "main_algorithm_name": "algoTotal",
        "log_base_path": "20.12.23_10000budget_uten_vars",
        "containers": {
            "cont0": {
                "type": "Grid",
                "name": "cont0",
                "shape": [
                    10,
                    10
                ],
                "max_items_per_bin": 1,
                "fitness_domain": [
                    [
                        -1.0,
                        1.0
                    ]
                ],
                "features_domain": [
                    [
                        -20.0,
                        20.0
                    ],
                    [
                        -20.0,
                        20.0
                    ]
                ]
            }
        },
        "algorithms": {
            "optimisation_task": "maximisation",
            "ind_domain": [
                -1.0,
                1.0
            ],
            "container": "cont0",