{"0": {"0": NaN, "1": 0.5763563368055555, "2": 0.6280988057454426, "3": 0.7279197480943468, "4": 0.7103209177652995, "5": 0.9705274687872992, "6": 0.9993618064456515, "7": 0.9708581103218926, "8": 0.9935281078020731, "9": 0.9802952779663934, "10": 0.9920943525102404, "11": 0.9946078088548448, "12": 0.9086536089579265, "13": 0.9822447763548957, "14": 0.9543374061584473, "15": 0.9825384457906087, "16": NaN, "17": NaN, "18": NaN, "19": 0.5637182871500651}, "1": {"0": NaN, "1": 0.5799331665039062, "2": 0.7793662389119467, "3": 0.8481141726175944, "4": 0.9052508672078451, "5": 0.9098548677232531, "6": 0.8990736855400934, "7": 0.9167035632663303, "8": 0.9800572024451362, "9": 0.9935157484478421, "10": 0.9999805106057061, "11": 0.992772086461385, "12": 0.9212848133511014, "13": 0.880358632405599, "14": 0.9404028839535183, "15": 0.7869239383273654, "16": 0.684966786702474, "17": 0.501301532321506, "18": 0.562065929836697, "19": NaN}, "2": {"0": 0.4926733228895399, "1": 0.6821231418185764, "2": 0.5912562476264105, "3": 0.6819453133477105, "4": 0.8891203668382432, "5": 0.8936373392740885, "6": 0.9572678565979004, "7": 0.9093400425381131, "8": 0.9955792817804549, "9": 0.9941576441129049, "10": 0.9781250741746691, "11": 0.9597239600287544, "12": 0.879347398546007, "13": 0.9927825689315796, "14": 0.9921692543559604, "15": 0.6476615481906467, "16": 0.5257726033528646, "17": 0.9797953287760417, "18": 0.6009262084960938, "19": 0.613592020670573}, "3": {"0": 0.4903498755560981, "1": 0.6462292989095052, "2": 0.747330813937717, "3": 0.7439126544528537, "4": 0.9128320693969727, "5": 0.9868165559238857, "6": 0.920775498284234, "7": 0.9868899570571051, "8": 0.9323184490203857, "9": 0.9869098014301724, "10": 0.9978034403589037, "11": 0.9940141260623931, "12": 0.9391722149319119, "13": 0.9105943467881944, "14": 0.6812913682725694, "15": 0.7628994199964735, "16": 0.809891594780816, "17": 0.9025856441921658, "18": 0.6517035590277778, "19": 0.6787272347344293}, "4": {"0": 0.7398207346598307, "1": 0.7193945354885525, "2": 0.7951816346910264, "3": 0.610896470811632, "4": 0.7423248714870876, "5": 0.8669790267944336, "6": 0.9748837841881646, "7": 0.9698399252361721, "8": 0.996247050497267, "9": 0.9914355330997043, "10": 0.9856295426686604, "11": 0.9597986857096354, "12": 0.9696967548794216, "13": 0.7567503611246744, "14": 0.922235616048177, "15": 0.5821009318033854, "16": 0.647497812906901, "17": 0.674935065375434, "18": 0.6873192681206597, "19": 0.7100133895874023}, "5": {"0": 0.8768342547946506, "1": 0.856447982788086, "2": 0.9307742913564047, "3": 0.7115403069390192, "4": 0.801999028523763, "5": 0.8985184139675564, "6": 0.8901294072469076, "7": 0.945345566007826, "8": 0.8858155568440755, "9": 0.9846216784583197, "10": 0.9909375243716769, "11": 0.9570647186703152, "12": 0.9560589896308052, "13": 0.9056774139404297, "14": 0.784305911593967, "15": 0.838751580980089, "16": 0.9129033830430773, "17": 0.9533805317348905, "18": 0.6874117745293511, "19": 0.7223717583550346}, "6": {"0": 0.8501987457275391, "1": 0.8721242268880208, "2": 0.809842406378852, "3": 0.9661211040284898, "4": 0.949993716345893, "5": 0.9126198026869032, "6": 0.8463380071851943, "7": 0.9611054526435004, "8": 0.9988482700453865, "9": 0.9808818697929382, "10": 0.9928450955284966, "11": 0.9916885799831814, "12": 0.9334781169891357, "13": 0.8732779608832465, "14": 0.9437993314531115, "15": 0.8652824507819281, "16": 0.9100965287950303, "17": 0.8391663657294379, "18": 0.8178090625339084, "19": 0.8344649420844183}, "7": {"0": 0.9023261811998156, "1": 0.8789852990044488, "2": 0.9299628681606716, "3": 0.9290395630730524, "4": 0.922090572781033, "5": 0.9139606051974827, "6": 0.9821520394749111, "7": 0.9934242301517062, "8": 0.9937817884816064, "9": 0.9969269381629096, "10": 0.997972920205858, "11": 0.9494780010647244, "12": 0.9812844038009644, "13": 0.988994672563341, "14": 0.9951681878831652, "15": 0.9652455568313598, "16": 0.9206864409976535, "17": 0.9796015593740676, "18": 0.9018588489956326, "19": 0.8816262774997288}, "8": {"0": 0.9298172526889377, "1": 0.9896413048108419, "2": 0.9969861057069567, "3": 0.9816172771983677, "4": 0.9938161055246989, "5": 0.9857975721359253, "6": 0.9972524589962429, "7": 0.9860802398787605, "8": 0.9903173923492432, "9": 0.9995856391059028, "10": 0.9950414088037279, "11": 0.994678983423445, "12": 0.989625506930881, "13": 0.9757457521226671, "14": 0.9845973173777263, "15": 0.9626438485251533, "16": 0.9763383123609755, "17": 0.9559848652945624, "18": 0.9574186748928494, "19": 0.9420485337575276}, "9": {"0": 0.9795679489771525, "1": 0.9976249217987061, "2": 0.9936946484777662, "3": 0.9968355549706354, "4": 0.9990614970525106, "5": 0.9950778146584829, "6": 0.9871430185106066, "7": 0.9963888181580438, "8": 0.9982890288035074, "9": 0.99993896484375, "10": 0.9999280289643341, "11": 0.998287640677558, "12": 0.9901958333121406, "13": 0.9955163889461094, "14": 0.9959340886937247, "15": 0.9869479338328043, "16": 0.9946367237302992, "17": 0.9573765887154473, "18": 0.9995213508605957, "19": 0.9965487188763089}, "10": {"0": 0.9859978000322978, "1": 0.9559362120098538, "2": 0.9224842018551297, "3": 0.9929004033406575, "4": 0.9777676741282145, "5": 0.9952262083689372, "6": 0.9743705723020766, "7": 0.9895210729704963, "8": 0.9962652577294244, "9": 0.9999727831946479, "10": 0.9999905625979105, "11": 0.9979870902167426, "12": 0.9988087647491031, "13": 0.9910745461781819, "14": 0.9632054011027018, "15": 0.9612829155392117, "16": 0.9934975994957818, "17": 0.9937309212154812, "18": 0.9959259983566072, "19": 0.9912504858440823}, "11": {"0": 0.9756493992275662, "1": 0.9844129138522678, "2": 0.9865402698516845, "3": 0.9825149006313748, "4": 0.9986478487650553, "5": 0.9984640492333307, "6": 0.9987398995293512, "7": 0.9835159884558784, "8": 0.9899039851294623, "9": 0.9976434787114461, "10": 0.9999579509099324, "11": 0.9974481542905171, "12": 0.9976099583837721, "13": 0.9807297693358528, "14": 0.9693029403686524, "15": 0.9710732248094347, "16": 0.9612157291836209, "17": 0.9468134456210666, "18": 0.9206537988450793, "19": 0.966724247402615}, "12": {"0": 0.9866098973486158, "1": 0.9327505747477214, "2": 0.9909854650497436, "3": 0.9896185530556573, "4": 0.955262713962131, "5": 0.9829178889592488, "6": 0.9817104750209384, "7": 0.9481758647494846, "8": 0.9968763563368056, "9": 0.9970474163691203, "10": 0.9901663780212402, "11": 0.9951856957541572, "12": 0.9478621588812934, "13": 0.9290949503580729, "14": 0.892909230126275, "15": 0.9740459865993923, "16": 0.9430198457505968, "17": 0.8959132300482856, "18": 0.8759797837999131, "19": 0.9175046496921115}, "13": {"0": 0.9337221993340387, "1": 0.9385921054416233, "2": 0.9212873405880398, "3": 0.9627700169881185, "4": 0.9950258281495836, "5": 0.9185597154829237, "6": 0.9980911016464233, "7": 0.9223782963222927, "8": 0.9991886112425062, "9": 0.9986584424972534, "10": 0.9914633750915527, "11": 0.9831708060370551, "12": 0.9837199846903483, "13": 0.9732032987806533, "14": 0.8903993182712131, "15": 0.8219631830851237, "16": 0.8481361813015408, "17": 0.7898362901475694, "18": 0.8890909088982476, "19": 0.8457678265041775}, "14": {"0": 0.8687193658616807, "1": 0.8973711437649197, "2": 0.9835740407307942, "3": 0.9603753619723849, "4": 0.6563578287760417, "5": 0.8514454417758518, "6": 0.8696967018975152, "7": 0.9223303265041776, "8": 0.9893524222903781, "9": 0.991450638241238, "10": 0.9961306307050917, "11": 0.9733937554889255, "12": 0.9994137366612752, "13": 0.9795573287540011, "14": 0.9216365549299452, "15": 0.8769454108344183, "16": 0.7161559846666123, "17": 0.8410949071248373, "18": 0.8371043311225044, "19": 0.8227751837836371}, "15": {"0": NaN, "1": 0.8013270696004231, "2": 0.9921890258789062, "3": 0.9802882221009996, "4": 0.8351317511664497, "5": 0.9729956123563979, "6": 0.9111601935492621, "7": 0.8495705710517035, "8": 0.9519982549879286, "9": 0.9972138643264771, "10": 0.9931430392795139, "11": 0.9851214382383559, "12": 0.9650333828396267, "13": 0.9884884357452393,