{"0": {"0": NaN, "1": 0.7380254109700521, "2": 0.9378017213609483, "3": 0.9883256925476922, "4": 0.9374365647633871, "5": 0.9207915359073215, "6": 0.7991429646809896, "7": NaN, "8": 0.8963241047329373, "9": 0.8444356812371148, "10": 0.7761519538031684, "11": 0.9852320777045356, "12": 0.92074646419949, "13": 0.8885458628336589, "14": 0.76873902214898, "15": 0.6404953426784938, "16": 0.5687974717881945, "17": 0.5750533633761936, "18": NaN, "19": 0.4779144710964627}, "1": {"0": 0.9910387198130289, "1": 0.09322043524848089, "2": 0.9059179729885525, "3": 0.9966928852929009, "4": 0.5544728173149956, "5": 0.8623869684007432, "6": 0.9584167983796862, "7": 0.9997278283039729, "8": 0.8654328240288629, "9": 0.9568597263760037, "10": 0.9987923466496997, "11": 0.5076982710096571, "12": 0.9617697715759277, "13": 0.9262359619140625, "14": 0.8844479666815863, "15": 0.8095755683051216, "16": 0.558294932047526, "17": 0.7546112060546875, "18": NaN, "19": NaN}, "2": {"0": 0.9975828806559245, "1": 0.6952136993408202, "2": 0.7649357901679145, "3": 0.9636157247755263, "4": 0.9124267948998346, "5": 0.9167154100206163, "6": 0.7989461263020834, "7": 0.9176518334282769, "8": 0.9486112435658772, "9": 0.9865334815449185, "10": 0.9872845424546136, "11": 0.9733588324652778, "12": 0.9978922764460246, "13": 0.9469297568003336, "14": 0.9709087795681424, "15": 0.9323355250888401, "16": 0.9217373053232829, "17": 0.6614339616563585, "18": 0.8150530497233073, "19": NaN}, "3": {"0": 0.6763064702351889, "1": 0.04803712632920998, "2": 0.9597584830390082, "3": 0.9638637966579862, "4": 0.9658663537767198, "5": 0.9575168583128187, "6": 0.9969622592131296, "7": 0.9436235268910725, "8": 0.9961974806255764, "9": 0.9823298533757527, "10": 0.9775379101435343, "11": 0.9209472232394749, "12": 0.905781258477105, "13": 0.9469198703765869, "14": 0.998704770538542, "15": 0.7916207207573784, "16": 0.49025463528103297, "17": 0.963943338394165, "18": 0.9217376708984375, "19": 0.17032691107855902}, "4": {"0": 0.8172684139675565, "1": 0.9959474444389343, "2": 0.933293777041965, "3": 0.9214162932501899, "4": 0.8867138544718425, "5": 0.9292975743611653, "6": 0.9639432483249241, "7": 0.9830917093488906, "8": 0.9643198649088541, "9": 0.999276058955325, "10": 0.9797131220499674, "11": 0.9832276715172662, "12": 0.9895775947305891, "13": 0.9686945226457384, "14": 0.9908658928341336, "15": 0.8131894005669488, "16": 0.7069992701212565, "17": 0.7733271068996853, "18": 0.8513824144999186, "19": 0.9658673895729912}, "5": {"0": 0.9196697817908392, "1": 0.9588689804077148, "2": 0.971748153368632, "3": 0.9844816870159573, "4": 0.999336126115587, "5": 0.9640057245890299, "6": 0.9601097875171237, "7": 0.9914500289493137, "8": 0.9923033899731106, "9": 0.9947326593928867, "10": 0.9901125219133166, "11": 0.9258339722951253, "12": 0.9907070305612352, "13": 0.9529868708716498, "14": 0.9903465893533495, "15": 0.9913752330674066, "16": 0.9388238271077474, "17": 0.9974895344840156, "18": 0.9883678860134548, "19": 0.9945808251698812}, "6": {"0": 0.883559152815077, "1": 0.9806348323822022, "2": 0.9250201861063639, "3": 0.5146841261121962, "4": 0.9976975732379489, "5": 0.9733513116836547, "6": 0.9783451226022508, "7": 0.9735637876722548, "8": 0.961551751030816, "9": 0.9886059416664972, "10": 0.9960608157846663, "11": 0.9983573744694392, "12": 0.9965456644694011, "13": 0.984938895702362, "14": 0.9984468556112713, "15": 0.9976720160908169, "16": 0.9748804198371039, "17": 0.6468259599473741, "18": 0.8566942109002007, "19": 0.9443954149881999}, "7": {"0": 0.9731289068857829, "1": 0.8008351008097331, "2": 0.9589565700954861, "3": 0.865581915113661, "4": 0.9624365965525309, "5": 0.9786626564131843, "6": 0.9760552538765801, "7": 0.9995017910997073, "8": 0.9975004143185086, "9": 0.9918526119656033, "10": 0.9997142422530386, "11": 0.992782105339898, "12": 0.987587739361657, "13": 0.9931054525905185, "14": 0.9971642149819269, "15": 0.9871461868286133, "16": 0.9828134907616509, "17": 0.9703704489601983, "18": 0.9303010887569851, "19": 0.9106124666002061}, "8": {"0": 0.8989926444159614, "1": 0.9871633423699273, "2": 0.9715901348325942, "3": 0.9724491940604316, "4": 0.9584833171632555, "5": 0.987651883231269, "6": 0.99852843814426, "7": 0.9937015745374892, "8": 0.9888924505975512, "9": 0.9991470906469557, "10": 0.9894545978969997, "11": 0.9882733450995551, "12": 0.9986640562613806, "13": 0.9668966743681165, "14": 0.9870041595564948, "15": 0.9841035008430481, "16": 0.9923456761572096, "17": 0.9582156711154514, "18": 0.9469559404585096, "19": 0.9561187638176812}, "9": {"0": 0.905157470703125, "1": 0.9510001076592339, "2": 0.9649313661787245, "3": 0.9677886115180121, "4": 0.9629162867863973, "5": 0.9996551344792048, "6": 0.991066657172309, "7": 0.9975743611653646, "8": 0.9984749264187283, "9": 0.9996300591362848, "10": 0.9994059244791667, "11": 0.9979812781016032, "12": 0.992430845896403, "13": 0.996917012002733, "14": 0.9970582574605942, "15": 0.9823137336307102, "16": 0.9202372233072916, "17": 0.982868554857042, "18": 0.9815269099341498, "19": 0.9315895292494032}, "10": {"0": 0.70478515625, "1": 0.6324083964029947, "2": 0.9171282132466634, "3": 0.8414145787556966, "4": 0.9726672305001153, "5": 0.998066266377767, "6": 0.9965830458535089, "7": 0.9994997421900431, "8": 0.9996438927120632, "9": 0.9999041663275825, "10": 0.9999660181295541, "11": 0.9982775211334228, "12": 0.992791846063402, "13": 0.998833794063992, "14": 0.9874905056423611, "15": 0.9920910172992282, "16": 0.9491657574971517, "17": 0.9499942885504828, "18": 0.8892308023240831, "19": 0.9904628647698297}, "11": {"0": 0.7896661122639974, "1": 0.8232556343078613, "2": 0.9809151543511285, "3": 0.9810888316896227, "4": 0.9461537361145019, "5": 0.9958922846449746, "6": 0.9927092446221246, "7": 0.9949818929036458, "8": 0.9859229193793403, "9": 0.9922237343258328, "10": 0.999230624569787, "11": 0.9993335300021702, "12": 0.9956345995267232, "13": 0.9992442932393816, "14": 0.9228148142496745, "15": 0.9736006524827745, "16": 0.9817837927076551, "17": 0.9122126367357042, "18": 0.9467415279812283, "19": 0.9549935870700412}, "12": {"0": 0.7994935777452257, "1": 0.8789195908440484, "2": 0.8391983773973253, "3": 0.9679490062925551, "4": 0.908028941684299, "5": 0.9979155037138198, "6": 0.9934249652756585, "7": 0.9971966452068752, "8": 0.995264180501302, "9": 0.9999743498033947, "10": 0.9860773722330729, "11": 0.9976544499397277, "12": 0.9973828285932541, "13": 0.9918630361557007, "14": 0.9644433763292101, "15": 0.9540736410352919, "16": 0.9888731174998813, "17": 0.988726446363661, "18": 0.9943080478244357, "19": 0.9305217901865641}, "13": {"0": 0.9200930595397949, "1": 0.9558738549550374, "2": 0.9806871546639336, "3": 0.9970749470922682, "4": 0.9855158938301934, "5": 0.9976755089230007, "6": 0.9982441224985652, "7": 0.9990780433019002, "8": 0.9841318329175314, "9": 0.9986128449440003, "10": 0.9553167872958713, "11": 0.9764468749364217, "12": 0.9673679537243314, "13": 0.973522440592448, "14": 0.9954804261525472, "15": 0.9691253609127468, "16": 0.982300509346856, "17": 0.9700671090020074, "18": 0.32472996181911895, "19": NaN}, "14": {"0": 0.8105894300672742, "1": 0.9898709800508287, "2": 0.9980081756909688, "3": 0.9220984776814779, "4": 0.8229068862067328, "5": 0.7618331485324435, "6": 0.9792376332812839, "7": 0.9772101243336996, "8": 0.93472318649292, "9": 0.894566535949707, "10": 0.9750056929058499, "11": 0.9670053137673272, "12": 0.9249733765920003, "13": 0.933845043182373, "14": 0.9896590987841288, "15": 0.962154746055603, "16": 0.8687642415364583, "17": 0.8852301703559028, "18": NaN, "19": NaN}, "15": {"0": 0.4967503865559896, "1": 0.9707804414961073, "2": 0.9896971490648058, "3": 0.9836994118160671, "4": 0.8327100223965115, "5": 0.8395149124993219, "6": 0.9920435508092245, "7": 0.9910850895775689, "8": 0.9663732475704617, "9": 0.9159355587429471, "10": 0.976725517378913, "11": 0.9648457845052083, "12": 0.9867821680174933, "13": 0.9663949966430664, "14": 0.9867452422777812, "15": 0.9696250332726373,