{"0": {"0": NaN, "1": NaN, "2": NaN, "3": NaN, "4": NaN, "5": NaN, "6": NaN, "7": NaN, "8": NaN, "9": NaN, "10": NaN, "11": NaN, "12": NaN, "13": NaN, "14": NaN, "15": NaN, "16": NaN, "17": NaN, "18": NaN, "19": NaN}, "1": {"0": NaN, "1": NaN, "2": NaN, "3": NaN, "4": NaN, "5": NaN, "6": NaN, "7": NaN, "8": NaN, "9": NaN, "10": NaN, "11": NaN, "12": NaN, "13": NaN, "14": NaN, "15": NaN, "16": NaN, "17": NaN, "18": NaN, "19": NaN}, "2": {"0": NaN, "1": NaN, "2": NaN, "3": NaN, "4": NaN, "5": NaN, "6": NaN, "7": NaN, "8": NaN, "9": NaN, "10": NaN, "11": NaN, "12": NaN, "13": NaN, "14": NaN, "15": NaN, "16": NaN, "17": NaN, "18": NaN, "19": NaN}, "3": {"0": NaN, "1": NaN, "2": NaN, "3": NaN, "4": NaN, "5": NaN, "6": NaN, "7": 0.565912331475152, "8": 0.8247442351447212, "9": 0.9595729112625122, "10": 0.9815601772732205, "11": 0.8796697722540961, "12": 0.8240362909105089, "13": 0.8084728240966796, "14": NaN, "15": NaN, "16": NaN, "17": NaN, "18": NaN, "19": NaN}, "4": {"0": NaN, "1": NaN, "2": NaN, "3": NaN, "4": NaN, "5": NaN, "6": 0.6764904022216797, "7": 0.7091705746120877, "8": 0.9474232885572645, "9": 0.9529216024610732, "10": 0.9912959429952833, "11": 0.8633195029364692, "12": 0.9495566685994467, "13": 0.9274995856814914, "14": NaN, "15": 0.9773455725775825, "16": NaN, "17": NaN, "18": NaN, "19": NaN}, "5": {"0": NaN, "1": NaN, "2": NaN, "3": NaN, "4": NaN, "5": NaN, "6": NaN, "7": 0.5819618225097656, "8": 0.8544594552781847, "9": 0.8916723251342773, "10": 0.994450929429796, "11": 0.9508468416002062, "12": 0.9486505137549506, "13": 0.9403943379720052, "14": 0.995743621720208, "15": NaN, "16": NaN, "17": NaN, "18": NaN, "19": NaN}, "6": {"0": NaN, "1": NaN, "2": NaN, "3": NaN, "4": NaN, "5": 0.43817261589898004, "6": 0.9904602713055081, "7": 0.982962695757548, "8": 0.8764445516798232, "9": 0.9997773806254069, "10": 0.993478552500407, "11": 0.9917290581597222, "12": 0.9821384218004015, "13": 0.9959377924601237, "14": 0.9854625278049045, "15": 0.8248068491617838, "16": NaN, "17": 0.977751202053494, "18": NaN, "19": NaN}, "7": {"0": NaN, "1": NaN, "2": NaN, "3": NaN, "4": NaN, "5": 0.3693907419840494, "6": 0.9728936089409722, "7": 0.9975708431667751, "8": 0.9964779284265306, "9": 0.9971593154801263, "10": 0.9987225108676486, "11": 0.9993748876783582, "12": 0.9899551742606693, "13": 0.9165476587083604, "14": 0.9750569661458334, "15": 0.4182309044731988, "16": NaN, "17": NaN, "18": NaN, "19": NaN}, "8": {"0": NaN, "1": NaN, "2": NaN, "3": NaN, "4": NaN, "5": 0.10219540066189237, "6": 0.9933999803331163, "7": 0.9959661510255602, "8": 0.9999699433644612, "9": 0.9986612611346775, "10": 0.9996975673569574, "11": 0.998458813296424, "12": 0.9846432288487752, "13": 0.8558414353264703, "14": 0.8195315678914388, "15": 0.457043965657552, "16": 0.5915490044487848, "17": NaN, "18": NaN, "19": NaN}, "9": {"0": NaN, "1": NaN, "2": NaN, "3": NaN, "4": NaN, "5": 0.09605899386935757, "6": 0.9671517769495646, "7": 0.9932807472017077, "8": 0.9980841630034977, "9": 0.9996432304382324, "10": 0.9998284763760037, "11": 0.9995377937952677, "12": 0.9975899934768677, "13": 0.9966525501675076, "14": 0.7771209928724501, "15": 0.7690471649169922, "16": 0.749563259548611, "17": NaN, "18": NaN, "19": NaN}, "10": {"0": NaN, "1": NaN, "2": NaN, "3": NaN, "4": NaN, "5": NaN, "6": 0.8480250888400608, "7": 0.9904908763037787, "8": 0.997662795914544, "9": 0.9996819443172879, "10": 0.9999980833795336, "11": 0.9988839626312256, "12": 0.9988775041368273, "13": 0.9805818623966641, "14": 0.8969854460822211, "15": 0.8801403787400988, "16": 0.8002825419108073, "17": 0.7981758753458659, "18": NaN, "19": NaN}, "11": {"0": NaN, "1": NaN, "2": NaN, "3": NaN, "4": NaN, "5": NaN, "6": 0.9419433434804281, "7": 0.9857449822955662, "8": 0.9885506603452895, "9": 0.9996887154049343, "10": 0.9999254332648383, "11": 0.9993098470899794, "12": 0.9998191197713217, "13": 0.9991053250100878, "14": 0.9428434001074897, "15": 0.9132040871514214, "16": 0.8978179083930121, "17": 0.9134963035583497, "18": NaN, "19": NaN}, "12": {"0": NaN, "1": NaN, "2": NaN, "3": NaN, "4": NaN, "5": NaN, "6": 0.4802591535780165, "7": 0.9997913976510365, "8": 0.9980311393737793, "9": 0.9956002950668335, "10": 0.9984068314234416, "11": 0.9862320409880744, "12": 0.9956090503268772, "13": 0.9998605728149415, "14": 0.9798146605491638, "15": 0.9853153175777859, "16": 0.8673775460984972, "17": 0.8592297236124674, "18": NaN, "19": NaN}, "13": {"0": NaN, "1": NaN, "2": NaN, "3": NaN, "4": NaN, "5": NaN, "6": NaN, "7": 0.6136043548583985, "8": 0.7213853624131945, "9": 0.9583570215437147, "10": 0.9672787878248427, "11": 0.9932618379592896, "12": 0.9941543526119656, "13": 0.9965344323052301, "14": 0.9966655731201172, "15": 0.9990605248345269, "16": NaN, "17": NaN, "18": NaN, "19": NaN}, "14": {"0": NaN, "1": NaN, "2": NaN, "3": NaN, "4": NaN, "5": NaN, "6": NaN, "7": NaN, "8": 0.4707096523708767, "9": 0.9546263164944119, "10": 0.8671691046820746, "11": 0.9724799844953749, "12": 0.9604507578743828, "13": 0.9993972937266032, "14": 0.9956827852461073, "15": 0.9237037234836154, "16": NaN, "17": NaN, "18": NaN, "19": NaN}, "15": {"0": NaN, "1": NaN, "2": NaN, "3": NaN, "4": NaN, "5": NaN, "6": NaN, "7": NaN, "8": NaN, "9": 0.637571758694119, "10": 0.7996509975857204, "11": 0.7891283247205946, "12": 0.8644264433119032, "13": 0.8762391196356879, "14": NaN, "15": NaN, "16": NaN, "17": NaN, "18": NaN, "19": NaN}, "16": {"0": NaN, "1": NaN, "2": NaN, "3": NaN, "4": NaN, "5": NaN, "6": NaN, "7": NaN, "8": NaN, "9": NaN, "10": NaN, "11": NaN, "12": NaN, "13": NaN, "14": 0.8939339531792535, "15": NaN, "16": NaN, "17": NaN, "18": NaN, "19": NaN}, "17": {"0": NaN, "1": NaN, "2": NaN, "3": NaN, "4": NaN, "5": NaN, "6": NaN, "7": NaN, "8": NaN, "9": NaN, "10": NaN, "11": NaN, "12": NaN, "13": NaN, "14": NaN, "15": NaN, "16": NaN, "17": NaN, "18": NaN, "19": NaN}, "18": {"0": NaN, "1": NaN, "2": NaN, "3": NaN, "4": NaN, "5": NaN, "6": NaN, "7": NaN, "8": NaN, "9": NaN, "10": NaN, "11": NaN, "12": NaN, "13": NaN, "14": NaN, "15": NaN, "16": NaN, "17": NaN, "18": NaN, "19": NaN}, "19": {"0": NaN, "1": NaN, "2": NaN, "3": NaN, "4": NaN, "5": NaN, "6": NaN, "7": NaN, "8": NaN, "9": NaN, "10": NaN, "11": NaN, "12": NaN, "13": NaN, "14": NaN, "15": NaN, "16": NaN, "17": NaN, "18": NaN, "19": NaN}}