{"0": {"0": NaN, "1": NaN, "2": NaN, "3": 0.6028859456380209, "4": NaN, "5": 0.6568532943725586, "6": NaN, "7": 0.8805859989590115, "8": 0.9853313724199931, "9": 0.9509094556172689, "10": 0.9616529093848334, "11": 0.9012100219726562, "12": 0.9811391512552897, "13": NaN, "14": 0.9261957168579101, "15": 0.9633672661251492, "16": 0.7903055402967665, "17": NaN, "18": NaN, "19": NaN}, "1": {"0": NaN, "1": 0.7781205283270942, "2": 0.6805648379855685, "3": 0.5812380048963759, "4": 0.7467184702555338, "5": 0.1974031236436632, "6": NaN, "7": 0.9195719771915012, "8": 0.9514352268642849, "9": 0.8277186711629232, "10": 0.9170527087317573, "11": 0.8040083991156683, "12": 0.993233338991801, "13": 0.997032356262207, "14": 0.9995939509736167, "15": 0.9998206615447998, "16": 0.9998502916759915, "17": NaN, "18": 0.8591711044311523, "19": NaN}, "2": {"0": NaN, "1": 0.8258895026312933, "2": 0.47081095377604165, "3": 0.7572200351291233, "4": 0.5233851962619358, "5": 0.47553956773546, "6": 0.753284666273329, "7": 0.9400231096479628, "8": 0.9720462189780341, "9": 0.9875648710462782, "10": 0.7379441791110568, "11": 0.9476734585232205, "12": 0.9872241550021701, "13": 0.9911464081870185, "14": 0.9754513846503363, "15": 0.9976322915818956, "16": 0.941869068145752, "17": 0.6303016662597656, "18": NaN, "19": 0.8441679636637369}, "3": {"0": NaN, "1": 0.9144605848524305, "2": NaN, "3": 0.7185159895155164, "4": 0.6726909637451172, "5": 0.8755230903625488, "6": 0.9472022692362467, "7": 0.8702187220255534, "8": 0.9558309263653225, "9": 0.9441174348195394, "10": 0.8246712790595161, "11": 0.9557431194517347, "12": 0.9843507024976942, "13": 0.9940536922878689, "14": 0.9831672456529406, "15": 0.9979635715484619, "16": 0.8138341055976019, "17": 0.790848265753852, "18": NaN, "19": 0.5170911153157551}, "4": {"0": NaN, "1": 0.8746100531684028, "2": 0.7399323993259006, "3": 0.7866057925754123, "4": 0.6902592553032769, "5": 0.8466413497924805, "6": 0.9559909343719483, "7": 0.9956646018558079, "8": 0.9771392212973701, "9": 0.9424741003248427, "10": 0.8650718477037218, "11": 0.9730481571621366, "12": 0.9999004046122233, "13": 0.9780106584231059, "14": 0.9750094864103529, "15": 0.970537339316474, "16": 0.8477959950764974, "17": 0.7208547380235459, "18": 0.8386897828843858, "19": 0.9327720430162217}, "5": {"0": 0.9604397455851237, "1": 0.5803651173909505, "2": 0.9769895950953166, "3": 0.9778978135850694, "4": 0.9720989333258735, "5": 0.8521182590060764, "6": 0.9606480969323052, "7": 0.9920605248875088, "8": 0.9284271558125814, "9": 0.9701084083980984, "10": 0.994899246427748, "11": 0.9855508499675327, "12": 0.9835742619302538, "13": 0.9968944748242696, "14": 0.949653583102756, "15": 0.9111492792765299, "16": 0.9003902435302734, "17": 0.9905253648757935, "18": 0.7273638195461697, "19": 0.9087136374579535}, "6": {"0": 0.8342733489142524, "1": 0.9441611342959934, "2": 0.9578116178512573, "3": 0.995616700914171, "4": 0.8361353556315104, "5": 0.9374907705518934, "6": 0.9589422305425008, "7": 0.9499616887834337, "8": 0.8983908123440213, "9": 0.9957276662190755, "10": 0.9860546694861518, "11": 0.9938430931833055, "12": 0.9865931378470527, "13": 0.9871819681591458, "14": 0.9849250700738695, "15": 0.9816221515337626, "16": 0.979706711239285, "17": 0.9685145060221354, "18": 0.9796342929204305, "19": 0.9039884567260742}, "7": {"0": 0.6248046875, "1": 0.9162919309404162, "2": 0.974329431851705, "3": 0.9761747572157118, "4": 0.9852447509765625, "5": 0.9921703451209598, "6": 0.9750208536783854, "7": 0.9941041416592068, "8": 0.9949230326546563, "9": 0.9994331240653992, "10": 0.9927425669299231, "11": 0.9966556217935351, "12": 0.9952441347969903, "13": 0.9512259324391683, "14": 0.9807006041208903, "15": 0.9755054182476468, "16": 0.9715412537256877, "17": 0.9474712795681424, "18": 0.8943523618910048, "19": 0.7954719543457032}, "8": {"0": NaN, "1": 0.9991735670301649, "2": 0.9118300120035807, "3": 0.9537050035264757, "4": 0.9693468146853976, "5": 0.992313739988539, "6": 0.9845941887961493, "7": 0.9945429762204488, "8": 0.9992711593707403, "9": 0.9982321156395806, "10": 0.9999058028062184, "11": 0.9994814952214559, "12": 0.997462107737859, "13": 0.9915514416164822, "14": 0.9901242891947428, "15": 0.9784281412760417, "16": 0.9920129325654772, "17": 0.926470947265625, "18": 0.9447771337297227, "19": 0.8138358222113715}, "9": {"0": 0.9878579921192593, "1": 0.9331511921352811, "2": 0.9110981623331705, "3": 0.9807863579856024, "4": 0.9317627694871691, "5": 0.9970873965157403, "6": 0.984492998652988, "7": 0.9954619831509061, "8": 0.9994495789210002, "9": 0.9999051517910428, "10": 0.9995292822519938, "11": 0.9982467677858141, "12": 0.9992681178781722, "13": 0.9971523417366875, "14": 0.9982946077982585, "15": 0.9985678984059227, "16": 0.9401422394646539, "17": 0.9523495462205674, "18": 0.9668595578935412, "19": 0.9990267108711931}, "10": {"0": 0.8049966176350911, "1": 0.8774372842576769, "2": 0.8624286757575141, "3": 0.8715894275241428, "4": 0.9578710979885525, "5": 0.9070411682128906, "6": 0.9599613189697266, "7": 0.9930933793385823, "8": 0.9980876934197214, "9": 0.9992212984297011, "10": 0.9996889981958601, "11": 0.998554382721583, "12": 0.9883171863026089, "13": 0.9898061719205644, "14": 0.9742683145734999, "15": 0.9533014509412977, "16": 0.9624978462855021, "17": 0.9829729557037353, "18": 0.5076733059353298, "19": 0.8634969075520833}, "11": {"0": 0.2060067918565538, "1": 0.9249810536702474, "2": 0.8812930425008138, "3": 0.8507752948337131, "4": 0.8944762653774685, "5": 0.9985464374224345, "6": 0.9975848939683702, "7": 0.9981098375386662, "8": 0.9989554511176215, "9": 0.9942171851793925, "10": 0.99972648885515, "11": 0.9936737504270342, "12": 0.9972460707028706, "13": 0.8921270158555773, "14": 0.9745365354749892, "15": 0.9598152955373128, "16": 0.9263158268398709, "17": 0.912290096282959, "18": 0.9426572322845459, "19": 0.9986779583825005}, "12": {"0": 0.7620232476128472, "1": 0.31312917073567703, "2": 0.7956845177544488, "3": 0.9607183138529459, "4": 0.9801449563768175, "5": 0.9932363351186116, "6": 0.9942557454109192, "7": 0.9675485293070475, "8": 0.9733668009440104, "9": 0.9982207225428688, "10": 0.985360754860772, "11": 0.9943613337145911, "12": 0.9898679309421116, "13": 0.9893971085548401, "14": 0.9962635887993707, "15": 0.9983174641927083, "16": 0.921968756781684, "17": 0.9882816460397509, "18": 0.9476173400878907, "19": 0.8889688703748915}, "13": {"0": 0.7276972028944227, "1": NaN, "2": 0.9722493012746175, "3": 0.9818530241648357, "4": 0.7300246344672309, "5": 0.9551388793521457, "6": 0.9813782731691997, "7": 0.9654606898625692, "8": 0.9742153591579861, "9": 0.9871350155936347, "10": 0.9425838947296142, "11": 0.9971520476871066, "12": 0.9788895765940349, "13": 0.9857646041446262, "14": 0.9985419776704576, "15": 0.9654590182834202, "16": 0.9773277706570096, "17": 0.9908484670850966, "18": 0.990854623582628, "19": 0.9910606596204969}, "14": {"0": 0.879740121629503, "1": 0.28039652506510415, "2": 0.903358957502577, "3": 0.9807531118392945, "4": 0.9871066093444825, "5": 0.946967527601454, "6": 0.8874113294813368, "7": 0.9038951343960232, "8": 0.9287982092963325, "9": 0.9898089779747857, "10": 0.9896823512183295, "11": 0.9309014585283067, "12": 0.978701380888621, "13": 0.9634442249933879, "14": 0.9804152806599935, "15": 0.9882648044162327, "16": 0.8974238925509983, "17": 0.9538856718275283, "18": 0.9623553805881077, "19": 0.9838894314236111}, "15": {"0": 0.43562821282280817, "1": 0.8835827191670735, "2": 0.8037065717909071, "3": 0.9772923681471083, "4": 0.7048105663723416, "5": 0.8072738647460938, "6": 0.942289055718316, "7": 0.9857993205388387, "8": 0.9754538403617011, "9": 0.9987814572122362, "10": 0.9991960273848639, "11": 0.9504545476701525, "12": 0.952293676800198, "13": 0.9917882283528646, "14": 0.7730702930026584, "15": 0.9035369873046875, "16": 0.9981350676880942, "17": 0.9975284611185392, "18": 0.9356074227227105, "19": 0.9586344401041667}, "16": {"0": 0.4338158501519097, "1": 0.809897698296441,