{
    "algorithms": [
        "RandomSearchMutPolyBounded"
    ],
    "batch_size": 20,
    "current": "RandomSearchMutPolyBounded",
    "current_idx": 0,
    "current_iter": 50,
    "name": "algoQD",
    "nb_evaluations": 1000,
    "nb_evaluations_in_iteration": 0,
    "nb_max_iter": 50,
    "nb_suggestions": 1000,
    "nb_suggestions_in_iteration": 0,
    "nb_updated": 23,
    "nb_updated_in_iteration": 0,
    "tell_container_when_switching": "only_best",
    "budget": 1000,
    "container": "Grid([Individual([0.08685098581861284, 0.10361597277792711, 0.3372185601085427, -0.030090226291159983, -0.7562891665152645, 0.030526197189189697, -0.6352418615664024, -0.27948467547247646, -0.6123990127419325, 0.8595174026123442, 0.31837696888696887, -0.665104127080905, -0.9551157948648414, -0.12162125753999264, 0.5895460516953552, 0.21024625788186224, -0.768431942070843, 0.39208823919710944, -0.16998406594827542, 0.007865215007364812, -0.34654988942516485, 0.2217185675119886, 0.2693421716578641, -0.7252225820239802, 0.1421100810105671, 0.9027144082362835, 0.288308051606736, 0.9310531047987674, -0.30017206105155214, 0.357314562701045, -0.5246199446440636, -0.21573755556334961, 0.47786681708148393, 0.11627126205250393, -0.9122942556678348, 0.6064467287861448, -0.5710452119453746, 0.8139341958512833, -0.427167747328532, -0.5600373791063891, -0.35021050366953954, -0.9141222888520661, -0.7946566918141074, -0.64407643105249, -0.09965568187913032, 0.08589429836234896, -0.8299867078584535, 0.2730364883871417]), Individual([-0.2247168767208665, 0.6657293241276032, 0.01374219468332294, 0.2521881185885577, -0.2662145625845578, 0.2200147331176503, -0.944982387747344, 0.6890631327668748, -0.13532124073692753, -0.46922150061334555, 0.33578863252844804, 0.5982571396259238, 0.19633473317670758, -0.07374182662949957, 0.06366369330489174, -0.7075673752105973, 0.2683241311813469, -0.1794973166055689, -0.9328540864143198, 0.41438827627775465, -0.1664941000968856, 0.556120924514844, -0.6905755933934388, 0.9489135515633969, 0.6960417628405875, -0.6687715067557869, -0.2537774787775209, 0.9086005612987753, 0.8204490823970909, 0.962257725232879, 0.8044988495087235, 0.005344668479781101, -0.03748590939299423, 0.03401939268134524, 0.5613159326234383, 0.4417201178817094, 0.9219240817550398, -0.6928843561032685, 0.3239524757375636, 0.24995146087794007, -0.39724470074954166, -0.6282233135720878, 0.9997125614221762, 0.795216480911509, -0.37459391025789524, 0.7794686166371736, 0.5376819220062257, 0.4219005624363166]), Individual([-0.3684755585708739, 0.6657293241276032, 0.01374219468332294, 0.27390589606235904, -0.27585909123676045, 0.2200147331176503, -0.944982387747344, 0.47420788124074886, 0.10150877630648703, -0.46922150061334555, 0.4180032434678447, 0.5982571396259238, 0.19633473317670758, -0.07374182662949957, 0.06366369330489174, -0.8846635854974678, 0.3123948651303725, -0.1794973166055689, -0.9955201713695538, 0.41438827627775465, -0.1664941000968856, 0.556120924514844, -0.6905755933934388, 0.9489135515633969, 0.6960417628405875, -0.6687715067557869, -0.3208654801636637, 0.9086005612987753, 0.8204490823970909, 0.962257725232879, 0.8068180877378017, 0.005344668479781101, -0.03748590939299423, 0.03401939268134524, 0.5613159326234383, 0.4417201178817094, 0.9336870840646787, -0.6928843561032685, 0.3239524757375636, 0.24995146087794007, -0.39724470074954166, -0.6132837448230153, 0.9999599276834761, 0.6599873437725694, -0.37459391025789524, 0.7758595584997396, 0.6061757900712545, 0.3104972497902778]), Individual([0.08961997219417217, 0.10361597277792711, 0.3372185601085427, 0.15593437518005482, -0.7562891665152645, 0.030526197189189697, -0.6487237806420809, -0.27948467547247646, -0.6123990127419325, 0.8595174026123442, 0.19553912411704388, -0.6040488848049781, -0.9878338002502352, -0.12162125753999264, 0.5895460516953552, 0.21024625788186224, -0.826530726748653, 0.39208823919710944, -0.1695665600396823, 0.012814772307540911, -0.5636531807386782, 0.1536516584734764, 0.17918704854517653, -0.7252225820239802, -0.03468968119310345, 0.9027144082362835, 0.288308051606736, 0.7994814486260793, -0.30017206105155214, 0.5447907908382819, -0.7698571340851872, -0.6226986155629555, 0.5822794131594975, 0.11627126205250393, -0.9122942556678348, 0.4312814820481259, -0.6289914133913748, 0.7497416633229304, -0.44758710937296997, -0.5143424526836327, -0.35021050366953954, -0.9141222888520661, -0.7946566918141074, -0.64407643105249, -0.09965568187913032, 0.08589429836234896, -0.8299867078584535, 0.06509982242350487])])",
    "deepcopy_on_selection": true,
    "dimension": 48,
    "eta": 20.0,
    "ind_domain": [
        -1.0,
        1.0
    ],
    "init_pb": 0.1,
    "mut_pb": 0.4,
    "optimisation_task": "maximisation",
    "sel_pb": 0.9,
    "evals": "    alg_name  iteration  cont_size      max0    elapsed\n0     algoQD          0          1  0.856422  10.167459\n1     algoQD          0          2  0.856422  10.009772\n2     algoQD          0          3  0.966617  10.009717\n3     algoQD          0          3  0.966617  10.009960\n4     algoQD          0          4  0.966617  10.009530\n..       ...        ...        ...       ...        ...\n995   algoQD         49          4  0.999952  10.009664\n996   algoQD         49          4  0.999952  10.009317\n997   algoQD         49          4  0.999952  10.009570\n998   algoQD         49          4  0.999952  10.009908\n999   algoQD         49          4  0.999952  10.008175\n\n[1000 rows x 5 columns]",